time_s,disp_mm,vel_mm_s,base_shear_N
0.0,0.0,0.0,0.0
0.01,-0.0002494851310805062,-0.0498970262163398,-2.585539880993825
0.02,-0.001475544253318227,-0.19531479823120437,-15.291287865603891
0.03,-0.004552434155156026,-0.42006318213635546,-47.175686388578974
0.04,-0.010149652968470813,-0.6993805805266015,-105.17351563280184
0.05,-0.01870839939032385,-1.0123687038440063,-193.85161692738993
0.060000000000000005,-0.0305207946609958,-1.350110350290383,-316.2291263138295
0.07,-0.04585277808412838,-1.7162863343361345,-475.05025312053647
0.08,-0.0650362068248743,-2.1203994138130486,-673.7373461452516
0.09,-0.08847325074765769,-2.5670093707436283,-916.4347049600775
0.09999999999999999,-0.11654010559265503,-3.04636159825584,-1207.0097175102803
0.10999999999999999,-0.1494298929264729,-3.5315958685077344,-1547.4258948850602
0.11999999999999998,-0.1870143864812618,-3.9853028424500487,-1936.314033976204
0.12999999999999998,-0.22881271495559294,-4.374362852416173,-2368.6539599316948
0.13999999999999999,-0.27412533599139494,-4.688161354744231,-2837.1672817420176
0.15,-0.32233083980186816,-4.952939407350421,-3335.390581943045
0.16,-0.3732718654736706,-5.235265727010059,-3861.6612951180655
0.17,-0.42760118143264536,-5.6305974647848975,-4422.680654676891
0.18000000000000002,-0.48694325034770586,-6.2378163182272,-5035.160110944662
0.19000000000000003,-0.5537617919485865,-7.125892001948942,-5724.425124722353
0.20000000000000004,-0.6309041383860556,-8.30257728554488,-6519.682677390984
0.21000000000000005,-0.7208959848071566,-9.695791998675302,-7446.724764618164
0.22000000000000006,-0.8251526670118948,-11.155544442272339,-8519.800045948525
0.23000000000000007,-0.9433228408199628,-12.478490319341244,-9734.898008435757
0.24000000000000007,-1.0729663955812685,-13.450220632919873,-11066.530312451334
0.25000000000000006,-1.2096891778395948,-13.894335818745452,-12469.248607803527
0.26000000000000006,-1.3477327245052646,-13.71437351438852,-13883.82921628444
0.2700000000000001,-1.4808841365171235,-12.915908887983257,-15246.679731055508
0.2800000000000001,-1.6034712293818623,-11.601509684964528,-16500.021729617605
0.2900000000000001,-1.7111748413871481,-9.939212716092648,-17600.11130980276
0.3000000000000001,-1.8014377125087695,-8.113361508231604,-18521.289360884988
0.3100000000000001,-1.8733664358121536,-6.2723831524451725,-19254.86478237822
0.3200000000000001,-1.9271754755315327,-4.489424791430663,-19803.372319356913
0.3300000000000001,-1.9633630613317146,-2.7480923686057017,-20172.148779518837
0.34000000000000014,-1.981892605347456,-0.9578164345425865,-20360.997664096227
0.35000000000000014,-1.9816514668623257,1.0060441315686401,-20358.576265152158
0.36000000000000015,-1.9603726753304413,3.2497141748082283,-20129.178754320943
0.37000000000000016,-1.9150512605307013,5.8145687851398,-19640.833992256197
0.38000000000000017,-1.8427152358192298,8.652636157154488,-18861.300946641873
0.3900000000000002,-1.7412923017748803,11.631950651715428,-17768.359388061283
0.4000000000000002,-1.6102746421440168,14.57158127445727,-16356.479145756031
0.4100000000000002,-1.4509396050030297,17.2954261537402,-14639.455259843706
0.4200000000000002,-1.2660279072304248,19.686913400780753,-12646.806619214361
0.4300000000000002,-1.0589661572348024,21.725436598343755,-10415.467209955745
0.4400000000000002,-0.8328869667126885,23.490401506078996,-7979.204173365362
0.45000000000000023,-0.58979071917857,25.128848000744707,-5359.580382572656
0.46000000000000024,-0.3301729677924411,26.79470227648106,-2561.922325369079
0.47000000000000025,-0.05330865689620826,28.57815990276551,418.222466791128
0.48000000000000026,0.24185503116595766,30.45457770966767,3473.0327425312826
0.49000000000000027,0.5554024613980802,32.254908336756856,6708.816339874287
0.5000000000000002,0.8850843975321301,33.68147889005312,10101.700855138755
0.5100000000000002,1.2253930452211392,34.380250647748724,13593.754919503706
0.5200000000000002,1.5674710979654278,34.03535990110899,17093.392290365555
0.5300000000000002,1.8999779434482822,32.46600919546188,20485.077759379637
0.5400000000000003,2.2107957423564772,29.697550586177222,23646.5035776746
0.5500000000000003,2.489205148175705,25.984330577668338,26470.971755103245
0.5600000000000003,2.728001394670639,21.77491872131845,28888.03925425577
0.5700000000000003,2.9250089926989906,17.626600884351905,30878.31520634495
0.5800000000000003,3.083605486687673,14.092697913384628,32436.246162850184
0.5900000000000003,3.2121112395759703,11.608452664274813,33682.355664942974
0.6000000000000003,3.322192129787083,10.407725377947685,34725.94563994621
0.6100000000000003,3.4267054283943907,10.494934343513837,35720.87819251031
0.6200000000000003,3.537560318703424,11.676043718292942,36770.494570696384
0.6300000000000003,3.664127943994641,13.637481339950467,37960.03926584446
0.6400000000000003,3.8125742208531403,16.051774031749414,39201.78033781882
0.6500000000000004,3.9861385593732255,18.661093672267533,40651.233454306035
0.6600000000000004,4.186089003624064,21.3289951779001,42122.125788463025
0.6700000000000004,4.412915839176309,24.036371932549024,43815.66777383822
0.6800000000000004,4.667216718198089,26.823803871807048,45647.72562523062
0.6900000000000004,4.949952471235986,29.723346735772328,47526.8778914016
0.7000000000000004,5.261917208028934,32.66960062281714,49553.64456647782
0.7100000000000004,5.602501839693878,35.44732571017166,51588.16379822829
0.7200000000000004,5.96819639446221,37.69158524349469,53729.078236278954
0.7300000000000004,6.351381574076386,38.945450679340475,55796.21186233988
0.7400000000000004,6.73990745834345,38.75972617407224,57892.17035951089
0.7500000000000004,7.117758241931711,36.81043054358011,59755.123123183905
0.7600000000000005,7.466775848063444,32.99309068276642,61486.16281655234
0.7700000000000005,7.769015395029767,27.4548187104982,62987.88201191854
0.7800000000000005,8.009177036753874,20.577509634323153,64100.868237373936
0.7900000000000005,8.176456071668797,12.87829734866141,64865.98386669032
0.8000000000000005,8.26516489221939,4.863466761456882,65286.96494913344
0.8100000000000005,8.2739390901958,-3.1086271661749456,65359.215027991166
0.8200000000000005,8.203757701257588,-10.927650621467617,65045.07805738711
0.8300000000000005,8.05529138070812,-18.765613488425974,64353.85668629011
0.8400000000000005,7.826315410855275,-27.029580482142865,63266.456950833315
0.8500000000000005,7.509998950174443,-36.233711654023686,61597.909722063356
0.8600000000000005,7.094603909393001,-46.845296502264624,59383.792030235236
0.8700000000000006,6.56470821713342,-59.13384194965166,56428.91760010687
0.8800000000000006,5.903772824008824,-73.05323667526756,52463.71402830216
0.8900000000000006,5.0974919696928715,-88.20293418792296,47024.51863519517
0.9000000000000006,4.137122761863288,-103.87090737799363,39509.59655365269
0.9100000000000006,3.0222790566022413,-119.09783367421569,28193.794004230767
0.9200000000000006,1.7621749607716404,-132.9229854919045,14567.793616688723
0.9300000000000006,0.37419443569041283,-144.673119524341,-349.271843820383
0.9400000000000006,-1.119162917767752,-153.9983511672919,-16444.10541303332
0.9500000000000006,-2.693674596563291,-160.9039845918159,-31788.183472305984
0.9600000000000006,-4.327187358834246,-165.79856786237505,-43893.796039056
0.9700000000000006,-6.0023562231879275,-169.23520500836113,-53987.95769082428
0.9800000000000006,-7.706633311563349,-171.62021266672315,-62475.48384350496
0.9900000000000007,-9.430438047170437,-173.14073445469435,-69831.20521065261
1.0000000000000007,-11.16478382704204,-173.72842151962598,-76447.78479792915
1.0100000000000007,-12.89909573367746,-173.13395980745787,-82692.4296610158
1.0200000000000007,-14.620135438058853,-171.07398106882053,-88467.68946806938
1.0300000000000007,-16.31235562055456,-167.37005543032055,-93919.47314628624
1.0400000000000007,-17.959548219379403,-162.06846433464824,-99057.3248701899
1.0500000000000007,-19.547363489958137,-155.49458978109803,-103632.32774213063
1.0600000000000007,-21.06594098044974,-148.22090831722196,-107679.6805824527
1.0700000000000007,-22.511806495198208,-140.95219463247182,-110473.57401448855
1.0800000000000007,-23.88836586320967,-134.35967896982106,-111870.5072854581
1.0900000000000007,-25.204405662179987,-128.848280824242,-112965.13423754946
1.1000000000000008,-26.470560394030624,-124.38266554588562,-113700.3798889357
1.1100000000000008,-27.694932789777777,-120.49181360354558,-113855.19023862477
1.1200000000000008,-28.879146585954633,-116.35094563182565,-113980.72983444217
1.1300000000000008,-30.01562187804638,-110.9441127865236,-113760.13781129032
1.1400000000000008,-31.086824286436027,-103.29636889140508,-113441.37039513132
1.1500000000000008,-32.06674107824444,-92.68698947027887,-112942.30323632555
1.1600000000000008,-32.92415849840152,-78.79649456113887,-112428.50023728341
1.1700000000000008,-33.626866510142776,-61.74510778711108,-112011.5278624164
1.1800000000000008,-34.14571273528947,-42.024137242227575,-111746.13642359123
1.1900000000000008,-34.45752316942647,-20.33794958517289,-111685.74337259262
1.2000000000000008,-34.546231282210336,2.5963270284000584,-111844.50425821009
1.2100000000000009,-34.40222310993771,26.205307426125128,-111517.75574606853
1.2200000000000009,-34.02047442257833,50.14443004574976,-110297.58049021775
1.2300000000000009,-33.39809130662081,74.33219314575543,-108394.1756933417
1.2400000000000009,-32.53200036560916,98.8859950565753,-105701.85566328763
1.2500000000000009,-31.417729588869715,123.96816029131314,-102195.58148421269
1.260000000000001,-30.04980049601686,149.61765827925757,-97909.58510583834
1.270000000000001,-28.42363123892239,175.61619313963672,-92686.5610940571
1.280000000000001,-26.538292154907,201.45162366344138,-86472.58070539206
1.290000000000001,-24.399088540763216,226.3890991653156,-79270.53270814824
1.300000000000001,-22.019075530480706,249.61350289118613,-70947.36548631599
1.310000000000001,-19.41896682012401,270.40823918015326,-61340.38485097686
1.320000000000001,-16.62533517401617,288.318090041415,-50427.491066060065
1.330000000000001,-13.667477145379697,303.25351568587905,-38435.2072619876
1.340000000000001,-10.573418814575952,315.5581504748697,-26960.084349752768
1.350000000000001,-7.366048577464207,325.91589694747915,-17113.470069212093
1.360000000000001,-4.061469433293104,334.99993188674154,-7351.642277222061
1.370000000000001,-0.6722373800266634,342.84647876654657,9658.765848388894
1.380000000000001,2.7844933658310165,348.4996704049894,38012.20518867301
1.390000000000001,6.282578123270373,351.11728108288173,59344.96506617258
1.400000000000001,9.790388471875989,350.44478863824185,75155.63881970702
1.410000000000001,13.272882836179397,346.0540842224396,87307.20620126191
1.420000000000001,16.69016592368496,337.4025332786737,97123.80879045854
1.430000000000001,19.998264824600362,324.21724690440624,105035.80230183985
1.440000000000001,23.15311086107435,306.7519603903913,110275.26912522192
1.450000000000001,26.116214445347136,285.8687564641662,112854.90555514766
1.460000000000001,28.860123840464507,262.9131225593079,112541.97175052075
1.470000000000001,31.371915726414283,239.4452546306478,110450.00002160114
1.480000000000001,33.65336553803943,216.84470769438326,108817.46418130596
1.490000000000001,35.717951768511185,196.07253839996613,106972.90351238011
1.500000000000001,37.586405576216414,177.6182231410801,104970.71578707121
1.5100000000000011,39.28157002941087,161.41466749781074,104545.1264295235
1.5200000000000011,40.82345056857182,146.9614403343782,104392.40955848793
1.5300000000000011,42.226272495764874,133.6029451042318,104469.42263841441
1.5400000000000011,43.49796885909758,120.73632756231076,104738.98313905037
1.5500000000000012,44.64158968769518,107.98783815720975,104880.10178753371
1.5600000000000012,45.657964040777124,95.28703245917842,105036.30160623179
1.5700000000000012,46.54845174049346,82.81050748408981,105171.50823027267
1.5800000000000012,47.31667822451464,70.8347893201449,105293.68268737182
1.5900000000000012,47.96854303270524,59.53817231797582,105394.5148946029
1.6000000000000012,48.510351372314425,48.82349560386102,105460.32943139954
1.6100000000000012,48.9456011917174,38.22646827673485,105521.7665813417
1.6200000000000012,49.271477551907964,26.948803761375864,105591.16028846636
1.6300000000000012,49.476328152466934,14.021316350417457,105676.96619658603
1.6400000000000012,49.53920043509648,-1.4468598245080877,105784.2524163273
1.6500000000000012,49.431992826453275,-19.994661904132396,105540.20060128176
1.6600000000000013,49.124034531128686,-41.596997160785484,104608.16241571929
1.6700000000000013,48.58800085736836,-65.60973759127961,103013.68683999646
1.6800000000000013,47.805533705898256,-90.88369270274046,100632.25604974071
1.6900000000000013,46.77107778122427,-116.00749223205776,97491.24438019362
1.7000000000000013,45.4929075645119,-139.62655111041647,93608.01712039823
1.7100000000000013,43.99103562932443,-160.7478359270791,88940.31178901007
1.7200000000000013,42.292494668964046,-178.96035614499812,83537.29548751806
1.7300000000000013,40.42517505704583,-194.50356623864553,77613.11839154961
1.7400000000000013,38.41194700047766,-208.1420450749886,70993.0387802877
1.7500000000000013,36.26668102338746,-220.91115034305014,63780.47235220026
1.7600000000000013,33.9931168469463,-233.80168494518148,55986.35161337315
1.7700000000000014,31.586762500589682,-247.46918432614177,47662.99881174434
1.7800000000000014,29.039136296872268,-262.05605641734115,39197.2172624261
1.7900000000000014,26.34298495008259,-277.1742129405944,31133.854160510087
1.8000000000000014,23.496729363266418,-292.0769044226408,23849.85806890337
1.8100000000000014,20.50684555380624,-305.8998574693952,17864.448145115064
1.8200000000000014,17.38788037308458,-317.89317867493696,12967.016316808693
1.8300000000000014,14.160246100848621,-327.6336757722548,9077.218072611922
1.8400000000000014,10.846545347445334,-335.10647490840233,5360.8118023314855
1.8500000000000014,7.467785361913961,-340.645522197872,1282.146563818164
1.8600000000000014,4.0408867032629905,-344.734209532322,-4567.156886151494
1.8700000000000014,0.5789928472125059,-347.6445616777749,-15162.599683191467
1.8800000000000014,-2.904596526751615,-349.07331311504925,-34012.24703189458
1.8900000000000015,-6.3926712865997315,-348.54163885457405,-52015.053026379064
1.9000000000000015,-9.864258572043884,-345.7758182342559,-66322.22559713847
1.9100000000000015,-13.295543758348185,-340.4812190266044,-76805.67434897664
1.9200000000000015,-16.659555193973503,-332.32106809845936,-85137.86973986638
1.9300000000000015,-19.926859926250955,-321.13987835703097,-91256.37421369909
1.9400000000000015,-23.06864302903592,-307.21674219996174,-96049.41152265051
1.9500000000000015,-26.06137558798546,-291.3297695899466,-99762.84925740643
1.9600000000000015,-28.891413009881806,-274.6777147893221,-102403.33361367286
1.9700000000000015,-31.557889019730922,-258.61748718050126,-104568.37932000755
1.9800000000000015,-34.07279608999198,-244.36392687171167,-104679.16098436533
1.9900000000000015,-36.45817521560721,-232.71189825133482,-102328.96068595185
2.0000000000000013,-38.739870567695206,-223.6271721662643,-101279.74082660023
2.010000000000001,-40.9384520969626,-216.08913368721323,-101425.58086651385
2.020000000000001,-43.06102243834653,-208.42493458957205,-102024.20729384357
2.0300000000000007,-45.0969195277112,-198.75448328336245,-102350.66164453069
2.0400000000000005,-47.01749417072961,-185.360445320322,-102619.23744192006
2.0500000000000003,-48.779386475989334,-167.01801573162112,-102813.4890546016
2.06,-50.33058933763148,-143.22255659680695,-103012.86409724968
2.07,-51.61785509277573,-114.2305944320427,-103237.20147117577
2.0799999999999996,-52.59360764666383,-80.9199163455775,-103445.63927153856
2.0899999999999994,-53.220726629831915,-44.50388028804003,-103717.46781890081
2.099999999999999,-53.47423074010684,-6.19694176694356,-104017.83379200447
2.109999999999999,-53.33997045955089,33.04899787813232,-103942.35426006053
2.1199999999999988,-52.81149631415862,72.64583120032312,-102275.9602428429
2.1299999999999986,-51.88645924660796,112.36158230980789,-99534.30472082662
2.1399999999999983,-50.56362316594808,152.20563382216892,-95519.93231998451
2.149999999999998,-48.84170470616916,192.17805813361434,-90317.466653473
2.159999999999998,-46.72074574850325,232.01373339956845,-83671.47714356834
2.1699999999999977,-44.20550558451648,271.03429939778584,-75792.27824432249
2.1799999999999975,-41.30960879101983,308.1450593015441,-66422.1615998161
2.1899999999999973,-38.05895544805124,341.9856092921733,-55608.98266457077
2.199999999999997,-34.49286085822068,371.2333086739396,-43748.478667942436
2.209999999999997,-30.661892174832975,394.9604280036017,-32427.73962597951
2.2199999999999966,-26.622394483617065,412.93911023958,-22955.48600829714
2.2299999999999964,-22.4290517948475,425.7294275143326,-16155.45710194376
2.239999999999996,-18.128239537087243,434.4330240377186,-11124.786198832593
2.249999999999996,-13.7544053558935,440.33381220103007,-7059.866364940784
2.259999999999996,-9.329956007900767,444.5560573975167,-2917.840828464147
2.2699999999999956,-4.868662886906549,447.70256680132695,2868.7963902134193
2.2799999999999954,-0.38277106894221924,449.475796791539,14634.881136271815
2.289999999999995,4.106659199028204,448.4102568025458,38011.85109370628
2.299999999999995,8.563264400018658,442.91078339554514,57064.74882874317
2.3099999999999947,12.938116799688018,432.0596965383267,69864.48810509166
2.3199999999999945,17.174645683308103,415.2460801856905,78729.21987979354
2.3299999999999943,21.211971979965906,392.21917914587027,84734.06257904026
2.339999999999994,24.989609471868178,363.3083192345848,89181.79875855852
2.349999999999994,28.453717636397403,329.5133136712607,92161.50860834192
2.3599999999999937,31.56307208039522,292.35757512830276,94732.54445420523
2.3699999999999934,34.29283928440098,253.59586567284882,96400.50660445448
2.3799999999999932,36.63522108544832,214.8804945366189,97663.0493872744
2.389999999999993,38.59676169737226,177.42762784816856,98699.80395281345
2.399999999999993,40.19311076999345,141.84218667607115,99547.9817185018
2.4099999999999926,41.44300152718076,108.13596476138915,100236.52378500353
2.4199999999999924,42.363140307854025,75.89179137326299,100786.72415774412
2.429999999999992,42.96525729148866,44.53160535366407,101214.55791992327
2.439999999999992,43.25589595961558,13.596128271718886,101529.99406616295
2.4499999999999917,43.23860550154588,-17.05421988565944,101725.52674530142
2.4599999999999915,42.91762521553392,-47.14183731673233,100697.40945033244
2.4699999999999913,42.30158529192753,-76.06614740454475,98864.32161975472
2.479999999999991,41.405421308476846,-103.1666492855927,96123.0505992927
2.489999999999991,40.249635364297454,-127.9905395502869,92585.42499601368
2.4999999999999907,38.857168793878515,-150.50277453350247,88116.22533610166
2.5099999999999905,37.24877621245107,-171.17574175198428,83003.51416115275
2.5199999999999902,35.43837515249384,-190.9044702394618,77090.73973913827
2.52999999999999,33.43005889185181,-210.75878188894524,70454.3184497518
2.53999999999999,31.2180403640815,-231.64492366511627,62881.06819582323
2.5499999999999896,28.789901524963234,-253.98284415853698,54361.81026345419
2.5599999999999894,26.132474385151635,-277.50258380378307,44956.341871412646
2.569999999999989,23.238863554468686,-301.21958233280685,35479.9506583778
2.579999999999989,20.114639206008817,-323.6252873591668,26427.507836946093
2.5899999999999888,16.781269666761617,-343.04862049027287,18848.626315487927
2.5999999999999885,13.275955179979931,-358.0142768660645,13061.159991799788
2.6099999999999883,9.648420292145099,-367.4927007009021,7888.047321162909
2.619999999999988,5.955613002776324,-371.068757172853,2291.6279865677375
2.629999999999988,2.2557098731631497,-368.9118687497818,-6664.348406578818
2.6399999999999877,-1.396277135910524,-361.4855330649529,-22928.532935816347
2.6499999999999875,-4.951489296354647,-349.5568990238718,-41577.53148498857
2.6599999999999873,-8.371532422427515,-334.45172619070166,-55514.859558188495
2.669999999999987,-11.631570026815437,-317.55579468688256,-65092.091562488575
2.679999999999987,-14.717548982187544,-299.6399963875386,-72864.69057948058
2.6899999999999866,-17.619887465673216,-280.82770030959597,-78336.39589335519
2.6999999999999864,-20.32800217858102,-260.79524227196464,-82652.61027216
2.709999999999986,-22.82722335184715,-239.04899238126077,-86010.51907551187
2.719999999999986,-25.09865752070154,-215.23784138961736,-88645.92745628532
2.7299999999999858,-27.121772884607896,-189.3852313916539,-90624.30528476097
2.7399999999999856,-28.878496152327315,-161.95942215222996,-92270.76778838482
2.7499999999999853,-30.35719448558911,-133.7802445001289,-93632.11541483321
2.759999999999985,-31.555152910747648,-105.81144053157949,-94735.0284843773
2.769999999999985,-32.47866172088383,-78.89032149565647,-95496.9789466669
2.7799999999999847,-33.140533270100214,-53.483988347621356,-96015.30296029596
2.7899999999999845,-33.555732963538965,-29.555950340128195,-96390.18796190065
2.7999999999999843,-33.736527998482444,-6.603056648566946,-96636.63494913372
2.809999999999984,-33.6888437079611,16.13991475283491,-96684.46220856607
2.819999999999984,-33.41126942062207,39.37494271497127,-95784.74061801672
2.8299999999999836,-32.89721746765672,63.43544787809872,-94192.23053783648
2.8399999999999834,-32.13953939610211,88.10016643282586,-91755.8121572922
2.849999999999983,-31.136306780562034,112.54635667518961,-88538.18138687052
2.859999999999983,-29.896158903555783,135.48321872606047,-84553.18067986993
2.869999999999983,-28.4415070954048,155.4471429041366,-79700.56747211624
2.8799999999999826,-26.80840775337404,171.17272550201454,-74172.82373884767
2.8899999999999824,-25.04283055938715,181.94271329536386,-67914.08154700523
2.899999999999982,-23.194037010751835,187.81599643169935,-61175.62299176007
2.909999999999982,-21.306668403670677,189.65772498453182,-53991.07362756369
2.9199999999999817,-19.41350543604227,188.97486854114908,-46663.561280797076
2.9299999999999815,-17.53068506693824,187.58920527965694,-39490.47357534897
2.9399999999999813,-15.656559246133856,187.23595888122006,-32577.81494970213
2.949999999999981,-13.77428846693431,189.21819695868936,-25972.60541317047
2.959999999999981,-11.857254641547465,194.18856811867994,-20123.57237154592
2.9699999999999807,-9.875808900614157,202.1005800679819,-14983.090493104979
2.9799999999999804,-7.803685108561309,212.3241783425875,-10102.088188234182
2.9899999999999802,-5.622617080893024,223.88942719106942,-5032.7739329219
2.99999999999998,-3.3243287908461436,235.76823081830665,1435.9895834349231
3.00999999999998,-0.9098826307925961,247.12100119240284,9829.827913721365
3.0199999999999796,1.6124774546299003,257.3510158920964,22699.018674146584
3.0299999999999794,4.2303252188316804,266.21853694825944,36374.58149899696
3.039999999999979,6.931194097608836,273.95523880717195,48693.43267957459
3.049999999999979,9.705530205299537,280.91198273096813,58472.54754575611
3.0599999999999787,12.545704900468836,287.1229563028918,66959.05819246356
3.0699999999999785,15.442159057897676,292.1678751828762,73647.83807973894
3.0799999999999783,18.37905469799147,295.21125283588304,79223.85732366453
3.089999999999978,21.330984966528938,295.17480087161056,83660.79348951309
3.099999999999978,24.26203514053528,291.03523392965826,87499.6090318128
3.1099999999999777,27.12797184146388,282.1521062560617,90300.75442547718
3.1199999999999775,29.881195909472684,268.49270734569933,92768.85029914185
3.1299999999999772,32.47706422133146,250.6809550260557,94801.44187565162
3.139999999999977,34.88003306658268,229.91281402418934,96186.23893982086
3.149999999999977,37.06796104052373,207.67278076401857,97375.53904989592
3.1599999999999766,39.0330285630628,185.34072374379642,98366.44421227858
3.1699999999999764,40.77900826255128,163.85521615390127,99218.97493217658
3.179999999999976,42.31573134147991,143.48939963182443,99947.78685132878
3.189999999999976,43.65216873786193,123.79807964457792,100574.56301702408
3.1999999999999758,44.789995374717286,103.7672477264937,101115.7169314748
3.2099999999999755,45.71943162928822,82.1200031876945,101583.90625941087
3.2199999999999753,46.418511358312976,57.69594261725473,101892.92799992909
3.229999999999975,46.855944242356024,29.79063419135564,102153.07855075733
3.239999999999975,46.99668572362827,-1.6423379369075033,102379.6314800446
3.2499999999999747,46.808740043672415,-35.94679805426291,101976.91509915725
3.2599999999999745,46.26955044905559,-71.89112086910151,100318.08313563085
3.2699999999999743,45.37018473906816,-107.98202112838524,97619.82063378723
3.279999999999974,44.11608919333448,-142.8370880183505,93808.32959183039
3.289999999999974,42.52458381237366,-175.46398817381288,88858.47923913703
3.2999999999999736,40.62022567485389,-205.40763933014247,82807.35054746261
3.3099999999999734,38.4295471034077,-232.7280749590964,75766.72337281411
3.319999999999973,35.97684913557365,-257.81151860771257,67679.3643936091
3.329999999999973,33.282306354148794,-281.09703767725847,58479.81334784606
3.3399999999999728,30.36266473258294,-302.83128663591225,48361.45425079761
3.3499999999999726,27.23386914334173,-322.9278312123293,37962.9450578251
3.3599999999999723,23.914298865678294,-340.98622432035813,28485.454123461783
3.369999999999972,20.426978467831447,-356.4778552490111,20484.930227851015
3.379999999999972,16.799867862394773,-368.94426583832313,14455.723328694237
3.3899999999999717,13.064277806072575,-378.17374542611657,9778.18847764991
3.3999999999999715,9.251694985747417,-384.342818638915,5296.068816202223
3.4099999999999713,5.389751228117579,-388.0459328870525,-178.5681349642789
3.419999999999971,1.4991087018002431,-390.0825723764146,-10259.383072064587
3.429999999999971,-2.406487209486985,-391.03660988103104,-28845.488626923478
3.4399999999999706,-6.318962795560919,-391.4585073337561,-47401.56374649731
3.4499999999999704,-10.23643177329099,-392.0352882122576,-61457.596789119896
3.45999999999997,-14.161608031479545,-392.9999634254536,-71632.18548788357
3.46999999999997,-18.09543945925689,-393.76632213001625,-79087.13995467167
3.47999999999997,-22.029491114753498,-393.04400896930525,-84617.14747110149
3.4899999999999696,-25.94059960486808,-389.17768905361123,-88858.40160934655
3.4999999999999694,-29.789452531483473,-380.5928962694671,-91934.2106145512
3.509999999999969,-33.523270220674384,-366.17064156871305,-94533.84370223936
3.519999999999969,-37.08165366575288,-345.506047446986,-96234.54331241273
3.5299999999999687,-40.404028700671596,-318.9689595367572,-97664.40205628848
3.5399999999999685,-43.43653691199265,-287.53268272745424,-98930.11125728345
3.5499999999999683,-46.136708531083336,-252.50164109068248,-100039.62040033817
3.559999999999968,-48.47516154149988,-215.18896099262548,-100858.06862592738
3.569999999999968,-50.434204100009474,-176.61955070929324,-101414.46810648781
3.5799999999999677,-52.00407163804618,-137.3539568980481,-101906.51047788336
3.5899999999999674,-53.178304655146384,-97.49264652199223,-102136.586246018
3.5999999999999672,-53.94993862843292,-56.83414813531592,-102465.97399595758
3.609999999999967,-54.30975670064445,-15.129466306989839,-102803.11005393599
3.619999999999967,-54.247192095819535,27.642387271973035,-103066.61419784286
3.6299999999999666,-53.753803144004365,71.03540309106074,-101471.49491088287
3.6399999999999664,-52.82810355905303,114.10451389920675,-98754.68587325646
3.649999999999966,-51.479554669790886,155.6052639532216,-94660.9817499937
3.659999999999966,-49.73027862482654,194.24994503964692,-89361.56425911601
3.6699999999999657,-47.61405987454509,228.99380501664368,-82707.20475956557
3.6799999999999655,-45.172693082119956,259.2795534683839,-75016.93128799427
3.6899999999999653,-42.45060046624441,285.1389697067252,-66172.68351587249
3.699999999999965,-39.48932460249681,307.11620304279455,-56269.350446215365
3.709999999999965,-36.32342989295176,326.06273886621574,-45648.86585738168
3.7199999999999647,-32.97887842217694,342.8475552887474,-35250.078123819214
3.7299999999999645,-29.474286968492773,358.0707354480855,-26215.283655851323
3.7399999999999642,-25.824592761363395,371.8681059777903,-19000.654955676848
3.749999999999964,-22.046273369374273,383.7957724200342,-13961.611758647585
3.759999999999964,-18.163003692513627,392.85816295209526,-9822.752562307742
3.7699999999999636,-14.20979189546907,397.7841964568158,-6368.4233915645
3.7799999999999634,-10.233749121090066,397.4243584189853,-2748.2088456282595
3.789999999999963,-6.291238878126308,391.0776901737662,1912.6539172271741
3.799999999999963,-2.4426307038487964,378.6439446817361,9726.220188059488
3.8099999999999627,1.2532301017857228,360.5282164451678,23991.063084531244
3.8199999999999625,4.744204399662921,337.6666431302719,41901.77008900238
3.8299999999999623,7.991429640658838,311.77840506891124,55731.707120283376
3.839999999999962,10.974904777814759,284.9166223622729,65498.95490370533
3.849999999999962,13.69293341952594,258.6891059799636,72996.62914553957
3.8599999999999617,16.15637696507567,233.99960312998252,78163.78323080967
3.8699999999999615,18.381562077616568,211.0374193781978,82043.19894440459
3.8799999999999613,20.383950973436377,189.44035978576392,85159.85547635143
3.889999999999961,22.17412292256771,168.59403004050236,87456.87706071057
3.899999999999961,23.75676369323873,147.93412409370066,89508.04859522506
3.9099999999999606,25.132331128792753,127.17936301710326,90948.02429051099
3.9199999999999604,26.300351485607198,106.4247083457856,92075.56622477908
3.92999999999996,27.26272822931317,86.05064039540777,93013.08438285299
3.93999999999996,28.025589084914895,66.5215307249379,93759.12404609645
3.9499999999999598,28.598888575605518,48.13836741318699,94338.37578375805
3.9599999999999596,28.993695008366295,30.82291913896841,94764.97353732609
3.9699999999999593,29.217920928676634,14.022264923099819,95053.16844061235
3.979999999999959,29.271918281702483,-3.2227943179299734,95211.08341872734
3.989999999999959,29.145600091836787,-22.040843655210125,94856.0528447053
3.9999999999999587,28.81839877974267,-43.39941876361377,93815.79232002763
4.009999999999959,28.26242177024355,-67.79598313621089,92046.39120537057
4.019999999999959,27.44821777813516,-95.0448152854668,89434.53063459684
4.0299999999999585,26.35188675613691,-124.22138911418276,85913.41247420348
4.039999999999958,24.961745667769094,-153.80682855938056,81303.53349167558
4.049999999999958,23.282767470513566,-181.9888108917248,75600.92618609846
4.059999999999958,21.337560102725828,-207.05266266582308,68710.6525237308
4.069999999999958,19.163527617457397,-227.7538343878636,60694.07886380651
4.079999999999957,16.806936619792328,-243.56436514514994,51545.25937575175
4.089999999999957,14.315419536559755,-254.73905150136454,41638.371228273914
4.099999999999957,11.730799215078493,-262.18501279488777,31653.53462292118
4.109999999999957,9.083823244877774,-267.21018124525614,22036.55936437454
4.119999999999957,6.391981500497605,-271.15816763077765,13682.212759790478
4.129999999999956,3.6614879156187286,-274.9405493449976,4759.916698469605
4.139999999999956,0.8932764256536874,-278.70174864801066,-6689.685180218843
4.149999999999956,-1.9093727315692812,-281.82808279658315,-21712.953240664607
4.159999999999956,-4.73527853969721,-283.3530788290027,-36583.72919717668
4.1699999999999555,-7.564414614343492,-282.47413610025376,-49074.120955655504
4.179999999999955,-10.370474435016012,-278.73782803425036,-58039.85027802398
4.189999999999955,-13.124275211249406,-272.02232721242825,-65977.66382153892
4.199999999999955,-15.797507266793259,-262.6240838963425,-72072.6053989611
4.209999999999955,-18.366819509819976,-251.23836470900133,-77222.46482769152
4.2199999999999545,-20.81675261934136,-238.7482571952763,-81037.1811404645
4.229999999999954,-23.140262380061955,-225.95369494884238,-84506.3897218625
4.239999999999954,-25.336651872974198,-213.32420363360606,-87054.4840982811
4.249999999999954,-27.407662912380534,-200.8780042476613,-89210.83687823094
4.259999999999954,-29.35297927692405,-188.18526866104162,-91053.6853307346
4.269999999999953,-31.166608904298904,-174.5406568139289,-92659.53473960624
4.279999999999953,-32.83559994775175,-159.25755187664166,-93999.67319991103
4.289999999999953,-34.34173451549853,-141.96936167271326,-94939.23668134837
4.299999999999953,-35.665749522596435,-122.83363974686748,-95768.44719511246
4.3099999999999525,-36.79279804130203,-102.57606399425158,-96462.88545731083
4.319999999999952,-37.71753039090364,-82.37040592606974,-97036.14376673565
4.329999999999952,-38.44718627877601,-63.56077164840305,-97495.07292132836
4.339999999999952,-39.00147375047621,-47.29672269163552,-97855.87625434832
4.349999999999952,-39.40891631321285,-34.19178985569268,-98128.20143511714
4.3599999999999515,-39.70039205033202,-24.103357568141394,-98327.87148552059
4.369999999999951,-39.90141596088347,-16.101424542148376,-98471.67900165201
4.379999999999951,-40.02512245615461,-8.639874512081052,-98575.28066167401
4.389999999999951,-40.067755214867475,0.11332276950928015,-98649.46715934284
4.399999999999951,-40.007843196113726,11.86908098123976,-98515.45115354555
4.40999999999995,-39.80929051017019,27.84145620746771,-97909.4626045218
4.41999999999995,-39.42749953829771,48.51673816702922,-96763.34350348984
4.42999999999995,-38.81683599819523,73.6159698534667,-94910.3966150616
4.43999999999995,-37.937557022194895,102.23982534659984,-92146.74369546513
4.4499999999999496,-36.760593771183395,133.1528248556998,-88386.24721259087
4.459999999999949,-35.26926160955824,165.1136074693316,-83638.70498452711
4.469999999999949,-33.457959413643934,197.14683171353067,-77710.63374004536
4.479999999999949,-31.328829309206583,228.67918917393956,-70631.62068254116
4.489999999999949,-28.887901024429066,259.50646778156363,-62155.594854867275
4.4999999999999485,-26.142244888921798,289.62475931988894,-52218.935103747506
4.509999999999948,-23.09905354008667,319.0135104471368,-41272.315736577766
4.519999999999948,-19.76684900939694,347.42739569080913,-30389.493225938822
4.529999999999948,-16.15801047234928,374.3403117187238,-20592.134079431868
4.539999999999948,-12.291435263128415,398.974730125449,-13079.463194010428
4.549999999999947,-8.195021354874317,420.3080515253704,-6498.636269998673
4.559999999999947,-3.9076326141772193,437.16969661404926,1797.4782955045448
4.569999999999947,0.5199211758960964,448.34106140061385,17222.48015548298
4.579999999999947,5.025629508846356,452.8006051894377,40987.480000003874
4.589999999999947,9.543282479024128,450.7299888461169,58618.84333174236
4.599999999999946,14.014873616674281,443.5882386839141,71079.22281958291
4.609999999999946,18.39846201215449,433.1294404121286,79590.13986319499
4.619999999999946,22.668642891240957,420.90673540516417,85641.12210944883
4.629999999999946,26.812863025998322,407.93729154630853,89997.95199737477
4.6399999999999455,30.825179721492038,394.5260475524353,93241.72227763354
4.649999999999945,34.69902993547529,380.243995244214,95613.74818724833
4.659999999999945,38.42075709828936,364.10143731860114,97289.14718796617
4.669999999999945,41.96549369752872,344.8458825292711,98732.89395896716
4.679999999999945,45.29641886823467,321.33915161191715,100010.53880864044
4.689999999999944,48.36778050566784,292.93317587471705,100870.73277352018
4.699999999999944,51.13101121566492,259.7129661247005,100981.83633077343
4.709999999999944,53.541977595538015,222.4803098499182,101247.14804392568
4.719999999999944,55.5671783435005,182.55983974257876,101530.8139991609
4.729999999999944,57.18760665076241,141.52582170980335,101818.6153010988
4.739999999999943,58.39950513653678,100.85387544507084,102117.45927030529
4.749999999999943,59.21186700136375,61.618497520323196,102420.29341641921
4.759999999999943,59.641599632451644,24.328028697256663,102723.15289894202
4.769999999999943,59.707916951062984,-11.06456497498919,103006.43278806056
4.7799999999999425,59.42782042140813,-44.954740955983105,102225.41796624188
4.789999999999942,58.81404005068315,-77.80133318901336,100412.04882155237
4.799999999999942,57.87556431439413,-109.89381406879045,97587.86418806309
4.809999999999942,56.62015756286955,-141.18753623612668,93806.86413529806
4.819999999999942,55.05792329205515,-171.25931792675325,89112.05253301101
4.8299999999999415,53.20455419386233,-199.41450171181148,83319.06407543532
4.839999999999941,51.08285569868145,-224.92519732436512,76748.24442579999
4.849999999999941,48.721726774862425,-247.30058743944116,69150.73119096478
4.859999999999941,46.152745045558596,-266.4957584213256,60808.62030295552
4.869999999999941,43.40527954049314,-282.99734259176375,51765.50144279102
4.87999999999994,40.501572845427404,-297.74399642138275,42277.09505633128
4.88999999999994,37.453344902042645,-311.9015922555691,33353.89757242524
4.89999999999994,34.26108940908926,-326.5495063351073,25477.379707503816
4.90999999999994,30.916565439184364,-342.35528764587133,19077.812625107807
4.9199999999999395,27.408239811827205,-359.3098378255605,14352.811447853106
4.929999999999939,23.728549196526824,-376.62828523451503,10822.062207438623
4.939999999999939,19.881095729868843,-392.86240809708096,7621.045088961119
4.949999999999939,15.885620068374719,-406.2327242017442,4736.093383959729
4.959999999999939,11.77918168928994,-415.0549516152111,1702.4620292396507
4.9699999999999385,7.613511019977222,-418.0791822473326,-2333.1747294273855
4.979999999999938,3.4497796841576527,-414.66708491658125,-9027.49784862318
4.989999999999938,-0.6471645392568594,-404.7217597663212,-21653.900693604617
4.999999999999938,-4.61346243694504,-388.53781977131507,-41602.323218229314
5.009999999999938,-8.392113798662276,-367.19245257213197,-57223.58457914176
5.019999999999937,-11.940025618724842,-342.38991144038147,-67701.78679757341
5.029999999999937,-15.229727289191752,-315.55042265300034,-75633.48086498845
5.039999999999937,-18.24483999889592,-287.47211928783304,-80909.14031770821
5.049999999999937,-20.97397606568945,-258.3550940708735,-84975.71941214992
5.0599999999999365,-23.405650212581993,-227.97973530763537,-87865.3927589114
5.069999999999936,-25.52554137239226,-195.9984966544188,-90256.89446864497
5.079999999999936,-27.3167081356817,-162.23485600346925,-91805.00337190376
5.089999999999936,-28.7623245182587,-126.88842051193096,-93148.12227464525
5.099999999999936,-29.849690232051895,-90.58472224670753,-94175.84066808289
5.1099999999999355,-30.574027835893407,-54.282798521595005,-94942.06045493024
5.119999999999935,-30.940690231480897,-19.049680595902334,-95446.24004333686
5.129999999999935,-30.964815457584525,14.224635375177161,-95700.590949733
5.139999999999935,-30.668535790119616,45.031298117804205,-94750.18763133544
5.149999999999935,-30.07662388694503,73.35108251711269,-92889.89684931017
5.159999999999934,-29.21165771382133,99.6421521076264,-90111.34970789946
5.169999999999934,-28.090255358160885,124.6383190244626,-86511.11695549516
5.179999999999934,-26.721861703172227,149.04041197326907,-82047.66618401151
5.189999999999934,-25.110691030447345,173.19372257170727,-76568.9154913478
5.199999999999934,-23.260360144542243,196.87245460931305,-70146.6455673695
5.209999999999933,-21.179837382361548,219.2320978268258,-62635.055723910555
5.219999999999933,-18.8889670514194,238.94196836160398,-53929.5670100751
5.229999999999933,-16.421716236082123,254.50819470585114,-44363.67978026804
5.239999999999933,-13.82588916306938,264.65721989669714,-34478.9563726975
5.2499999999999325,-11.158934260947762,268.73376052762654,-24905.44264359511
5.259999999999932,-8.480483741334996,266.9563433949265,-16617.947464400444
5.269999999999932,-5.843900772982522,260.36025027556826,-9211.390924309022
5.279999999999932,-3.289555609969065,250.50878232712316,-1306.605001491463
5.289999999999932,-0.841437514183361,239.11483683001768,8469.090737162243
5.299999999999931,1.4925716363489503,227.68699327644455,20663.13941967391
5.309999999999931,3.7177426382158454,217.34720709693443,32734.901898527416
5.319999999999931,5.848508857444717,208.8060367488398,42466.840925308665
5.329999999999931,7.90358347034668,202.20888583155295,50951.183032896595
5.339999999999931,9.900310374313507,197.13649496181245,57208.91775765014
5.34999999999993,11.850436296743254,192.88868952413682,62479.02001787619
5.35999999999993,13.758593726935906,188.7427965143939,67424.37761895906
5.36999999999993,15.623420660721763,184.22259024277767,71530.48486097401
5.37999999999993,17.44075475180986,179.24422797484175,75101.51472218201
5.3899999999999295,19.207168868319197,174.03859532702597,78202.56464124464
5.399999999999929,20.92219345221095,168.9663214513245,80749.66796667075
5.409999999999929,22.588349313477597,164.26485080200493,83146.85164714778
5.419999999999929,24.208765328482837,159.818352199043,85231.233593622
5.429999999999929,25.783188349713463,155.0662520470818,86863.22596495261
5.4399999999999284,27.303778852843628,149.05184857895122,88354.31385126134
5.449999999999928,28.752086645047335,140.60970986179035,89709.47664589445
5.459999999999928,30.098506758869256,128.67431290259415,90901.72072767497
5.469999999999928,31.30487512697823,112.59936071920085,91970.28031146081
5.479999999999928,32.329784920079206,92.3825979009936,92890.90189034882
5.489999999999927,33.135337598147075,68.72793771258034,93653.33984476807
5.499999999999927,33.69357162955104,42.91886856821324,94188.17596936523
5.509999999999927,33.99080454700878,16.527714923336365,94523.54602264051
5.519999999999927,34.02861450397213,-8.965723530665569,94720.85698658657
5.5299999999999265,33.82124770807359,-32.50763564904103,94084.73304533439
5.539999999999926,33.39023017060652,-53.69587184437387,92727.52965168307
5.549999999999926,32.75745174774677,-72.85981272757704,90704.17835593504
5.559999999999926,31.938529295236094,-90.92467777455876,88077.52102644977
5.569999999999926,30.938400701034077,-109.10104106584475,84868.2691696479
5.5799999999999255,29.750343374308493,-128.5104242792718,80959.41781359694
5.589999999999925,28.35860176295809,-149.8378979908088,76257.64526584584
5.599999999999925,26.74377113451307,-173.12822769819462,70728.28207163757
5.609999999999925,24.889311770252966,-197.76364515382556,64151.43930490351
5.619999999999925,22.787410554760594,-222.61659794464833,56407.299083439786
5.629999999999924,20.4425392028954,-246.35767242839074,47430.34125376005
5.639999999999924,17.87175675704136,-267.7988167424176,37792.69708958979
5.649999999999924,15.10182832920603,-286.18686882464823,27947.773283031143
5.659999999999924,12.163918761608706,-301.3950446948165,18941.18625021178
5.6699999999999235,9.087576981661714,-313.87331129458204,11480.477316265085
5.679999999999923,5.896624854360909,-324.3171141655788,4098.479683298558
5.689999999999923,2.608554904752497,-333.29687575610353,-4563.478081581136
5.699999999999923,-0.7623080647368387,-340.87571814176357,-18653.46153451469
5.709999999999923,-4.199347193299424,-346.53210757075334,-36638.180839822664
5.7199999999999225,-7.6806191663570775,-349.7222870407772,-51580.72603211417
5.729999999999922,-11.179655058540465,-350.0848913959,-62436.57335407372
5.739999999999922,-14.666397379301735,-347.2635727563537,-71371.01543951152
5.749999999999922,-18.108285338527107,-341.1140190887202,-77930.71033703405
5.759999999999922,-21.47355180223601,-331.9392736530601,-83044.20100476751
5.769999999999921,-24.735953815662082,-320.54112903215423,-87155.7535453536
5.779999999999921,-27.879359160844913,-308.13994000441215,-90025.32123092466
5.789999999999921,-30.900557412335452,-296.0997102936961,-92525.73547015336
5.799999999999921,-33.80884496799319,-285.5578008378515,-94530.76332529417
5.809999999999921,-36.62228177914104,-277.1295613917199,-95911.09176864123
5.81999999999992,-39.361355644010196,-270.6852115821112,-97089.49341900836
5.82999999999992,-42.04123424606604,-265.290508829057,-98128.01748421905
5.83999999999992,-44.664642445136714,-259.391130985078,-99069.14226648111
5.84999999999992,-47.21736058783448,-251.15249755447553,-99940.09729006131
5.8599999999999195,-49.66745389634129,-238.8661641468886,-100582.9034995978
5.869999999999919,-51.96840236331389,-221.3235292476323,-101023.3743327311
5.879999999999919,-54.06525963656046,-198.0479254016819,-101262.1046779315
5.889999999999919,-55.902162418690445,-169.33263102431417,-101366.75120436166
5.899999999999919,-57.42924543978902,-136.0839731954013,-101615.76461785476
5.909999999999918,-58.60737347232786,-99.54163331236639,-101876.32488086085
5.919999999999918,-59.409842271195984,-60.95212646125974,-102171.56587120795
5.929999999999918,-59.82100387669867,-21.280194639277244,-102490.94930223937
5.939999999999918,-59.83268040195088,18.944889588834823,-102780.9083198609
5.949999999999918,-59.44013231196691,59.56472840795911,-101595.45825219843
5.959999999999917,-58.63924795175179,100.61214363506541,-99244.39004522676
5.969999999999917,-57.4256342144683,142.11060382163146,-95589.19020594211
5.979999999999917,-55.79588234770593,183.83976953084291,-90703.42644661067
5.989999999999917,-53.75085574914088,225.16555018216513,-84425.46806746836
5.9999999999999165,-51.29986204922943,265.0331898001244,-76828.66286523719
6.009999999999916,-48.46410627630096,302.1179647855695,-67817.97559126314
6.019999999999916,-45.278101774907384,335.0829354931448,-57512.10668376597
6.029999999999916,-41.78819087660103,362.89924416812556,-46092.812839967475
6.039999999999916,-38.04803187485852,385.132556180375,-34791.46566080653
6.0499999999999154,-34.11189262403965,402.09529398339896,-25247.716013897385
6.059999999999915,-30.027497636622083,414.7837035001141,-17859.621683970552
6.069999999999915,-25.83089125981092,424.53757186211874,-12910.254102602757
6.079999999999915,-21.54533527083815,432.57362593243494,-9090.658404696234
6.089999999999915,-17.184347562392983,439.62391575659876,-5804.091265710897
6.099999999999914,-12.757490025712595,445.74759157947847,-2648.123685589557
6.109999999999914,-8.277341186357797,450.2821762914813,1339.270998687269
6.119999999999914,-3.7663479677774485,451.9164674245883,8046.292372988305
6.129999999999914,0.7374163023017769,448.8363865912568,21635.165904782407
6.1399999999999135,5.177079720227639,439.09629699391553,43690.411509282385
6.149999999999913,9.481562211256836,421.8002012119239,59885.505754094396
6.159999999999913,13.578233444356576,397.5340454080237,70181.70893730977
6.169999999999913,17.404065716714708,367.63240906360267,78108.40814146589
6.179999999999913,20.911472304761944,333.8489085458439,83197.56444260602
6.1899999999999125,24.071354797118477,298.12758992546287,86897.51791056732
6.199999999999912,26.873190118605045,262.2394743718503,89741.26058764255
6.209999999999912,29.321841693826492,227.49084067243922,91674.53680644193
6.219999999999912,31.432079044677852,194.55662949783212,93358.9843657246
6.229999999999912,33.22224347030646,163.4762556278883,94733.74444215486
6.239999999999911,34.70881457464515,133.83796523985123,95710.17872155114
6.249999999999911,35.903288882740156,105.05689637914942,96380.76494473426
6.259999999999911,36.81178749534776,76.64282614237142,96935.90697622846
6.269999999999911,37.437022337845406,48.40414235715802,97363.4371091318
6.2799999999999105,37.781658670094764,20.52312409271252,97684.93368807466
6.28999999999991,37.85160820223917,-6.533217663830668,97898.87087052473
6.29999999999991,37.657915593566194,-32.20530407076387,97367.19050990933
6.30999999999991,37.216456749652096,-56.08646471205645,96026.67144041463
6.31999999999991,36.545220930651965,-78.16069908796972,93970.63856778681
6.3299999999999095,35.659891507300586,-98.90518558230693,91126.73850965578
6.339999999999909,34.569295721277975,-119.21397162221508,87639.31944105054
6.349999999999909,33.27241748371721,-140.16167588993707,83499.27900217584
6.359999999999909,31.758250405659716,-162.67173972156257,78499.26069656805
6.369999999999909,30.008960055870798,-187.18633023622138,72668.54149633915
6.379999999999908,28.005824229712914,-213.44083499535566,65724.85675745443
6.389999999999908,25.73652509895697,-240.41899115583274,57650.88215064031
6.399999999999908,23.201868288183718,-266.512370998818,48363.03048594683
6.409999999999908,20.420050547583067,-289.8511771213112,38390.87368325045
6.419999999999908,17.427104227906618,-308.73808681397816,28632.534342739054
6.429999999999907,14.273008690780323,-322.08102061128074,19856.591670541628
6.439999999999907,11.01456181980014,-329.6083535847559,12763.150111070612
6.449999999999907,7.707498376029762,-331.80433516931964,6393.018282066753
6.459999999999907,4.400153005225267,-329.6647389915795,-731.7414216679012
6.4699999999999065,1.1300718918264694,-324.35148368818,-10363.916674934651
6.479999999999906,-2.075331883363494,-316.7292713498126,-25972.799961301862
6.489999999999906,-5.195829448721986,-307.37024172188563,-41318.75828488152
6.499999999999906,-8.216561123725624,-296.7760932788418,-53442.76839760961
6.509999999999906,-11.125990074629746,-285.1096969019825,-61917.40965747606
6.519999999999905,-13.911893440715122,-272.070976315093,-68810.98477971466
6.529999999999905,-16.557922751490242,-257.1348858399309,-74379.81350069342
6.539999999999905,-19.04304012666788,-239.888589195596,-78762.14118180993
6.549999999999905,-21.343962208540113,-220.29582717885037,-82071.90477986801
6.559999999999905,-23.439263737967675,-198.7644787066628,-84884.50977240001
6.569999999999904,-25.313396961007427,-176.06216590128747,-87110.21570494924
6.579999999999904,-26.959343266361252,-153.1270951694768,-88709.73467270343
6.589999999999904,-28.378910036831968,-130.78625892466601,-90077.55481729089
6.599999999999904,-29.580317220610933,-109.49517783112685,-91177.61933279174
6.6099999999999035,-30.5739013132292,-89.22164069252723,-92087.48798862628
6.619999999999903,-31.36742783886432,-69.48366443449648,-92819.67093656468
6.629999999999903,-31.962529867344283,-49.53674126149588,-93395.91463537143
6.639999999999903,-32.35353387222015,-28.664059713676256,-93824.20067706307
6.649999999999903,-32.529236933301476,-6.4765525025898985,-94105.18933689993
6.659999999999902,-32.47727278847007,16.86938146887227,-94128.08416893051
6.669999999999902,-32.189973251265286,40.59052597208342,-93180.12158404692
6.679999999999902,-31.669962616540673,63.41160097283914,-91555.14505282784
6.689999999999902,-30.933472847370698,83.88635286115571,-89188.3403780492
6.699999999999902,-30.010187307459855,100.77075512101295,-86225.3513288476
6.709999999999901,-28.93947571757309,113.37156285634086,-82714.49784782005
6.719999999999901,-27.763787649438758,121.76605077052606,-78741.1344279619
6.729999999999901,-26.52080118304205,126.83124250881585,-74475.57501974814
6.739999999999901,-25.23626353687418,130.07628672475784,-69947.44336796005
6.7499999999999005,-23.919356199480212,133.3051807540359,-65185.6616941503
6.7599999999999,-22.561780870378556,138.20988506629584,-60122.301359976336
6.7699999999999,-21.140653820635222,146.01552488236996,-54685.12399384975
6.7799999999999,-19.62430770111618,157.25369902143845,-48844.44764224684
6.7899999999999,-17.979439579649515,171.71992527189443,-42513.004575219646
6.7999999999998995,-16.17775252214539,188.61748622893046,-35714.23621356195
6.809999999999899,-14.200369014148482,206.85921537045104,-28464.098621651887
6.819999999999899,-12.038969532028368,225.42068105357188,-21435.475156613735
6.829999999999899,-9.693863249640943,243.60057542391317,-14948.946116626325
6.839999999999899,-7.170347796601737,261.102515183928,-8661.695473890952
6.849999999999898,-4.475178979764201,277.93124818357916,-1771.734487918391
6.859999999999898,-1.614676781078029,294.16919155365525,7067.3074010615655
6.869999999999898,1.404240264471705,309.6142175562914,21070.41980008554
6.879999999999898,4.570781145789597,323.6939587072868,37239.37586190432
6.8899999999998975,7.868138072577927,335.77742665037925,51053.44223825182
6.899999999999897,11.27286142106138,345.16724304631146,61058.34755375062
6.909999999999897,14.753374262432668,350.93532522794635,69699.11412597426
6.919999999999897,18.26879435287885,352.14869286128925,76376.50496872605
6.929999999999897,21.770656365413426,348.22370964562583,81607.87200510084
6.9399999999998965,25.207482892642375,339.1415958001641,85913.25855189112
6.949999999999896,28.530898545259213,325.54153472320337,88861.91435023956
6.959999999999896,31.701629426389882,308.60464150293046,91461.87410955895
6.969999999999896,34.693433980464995,289.756269312092,93574.77245100823
6.979999999999896,37.4939516083757,270.34725627004866,94968.06212212448
6.989999999999895,40.10223419213235,251.30926048128117,96171.12970907472
6.999999999999895,42.52322946784718,232.8897946616846,97180.95015913094
7.009999999999895,44.76076282591054,214.61687695098797,98073.2618232942
7.019999999999895,46.81115201858807,195.46096158451766,98864.71086381629
7.0299999999998946,48.6591498738014,174.13860945814753,99577.75703908943
7.039999999999894,50.27729840493324,149.49109676822044,100224.70818375597
7.049999999999894,51.628907803014265,120.83078284798316,100663.16532335327
7.059999999999894,52.67382300077611,88.15225670438603,101030.79623716895
7.069999999999894,53.37530887663844,52.14491846807948,101372.15859747371
7.0799999999998935,53.70617260118848,14.02782644192683,101676.9265883282
7.089999999999893,53.652599362865466,-24.74247410652845,101904.16819409053
7.099999999999893,53.215082103911925,-62.760977684178755,100499.21464263619
7.109999999999893,52.406489971004596,-98.95744889728658,98129.00774318796
7.119999999999893,51.247660358076594,-132.80847368831408,94614.99516550725
7.129999999999892,49.762011764113126,-164.32124510438015,90137.08185133277
7.139999999999892,47.971163559981804,-193.84839572188412,84496.97349817932
7.149999999999892,45.892791510767914,-221.82601412089318,78021.18271331958
7.159999999999892,43.54113325285019,-248.50563746265223,70384.08046503797
7.169999999999892,40.92973188316551,-273.77463647428357,61804.35026621731
7.179999999999891,38.07518012319632,-297.1357155195532,52232.45388503871
7.189999999999891,35.000209800887035,-317.85834894230265,41967.12573391209
7.199999999999891,31.73463603960431,-335.2564033142416,32280.731107535816
7.209999999999891,28.31330312537585,-349.0101795314499,23788.35080312664
7.2199999999998905,24.77134735763864,-359.3809740159916,17367.56668323277
7.22999999999989,21.13853546274138,-367.18140496345967,12428.097784661875
7.23999999999989,17.434657532631064,-373.5941810586033,8480.342783641383
7.24999999999989,13.66708176786073,-379.92097189546377,5243.17392196195
7.25999999999989,9.831398793513157,-387.2156229740502,1484.97189510403
7.269999999999889,5.91568416387428,-395.92730295372536,-3460.1124393178097
7.279999999999889,1.9079050352158127,-405.62852277796816,-11942.292653863768
7.289999999999889,-2.194061750202787,-414.76483430575183,-29103.789923374
7.299999999999889,-6.373861475881151,-421.1951108299208,-48226.21748786935
7.309999999999889,-10.595455094936419,-423.1236129811331,-62700.65649647209
7.319999999999888,-14.807558454159794,-419.297058863542,-72267.7841924966
7.329999999999888,-18.948635527213508,-408.9183557471998,-79650.94512872135
7.339999999999888,-22.952147366306342,-391.784012071367,-84698.3382889471
7.349999999999888,-26.75306830921702,-368.4001765107688,-88628.7684180101
7.3599999999998875,-30.29437702719148,-339.86156708412386,-91268.3346632218
7.369999999999887,-33.531523487359976,-307.5677249495753,-93618.48004807254
7.379999999999887,-36.433784871057284,-272.8845517898846,-95220.59542667336
7.389999999999887,-38.982580878451714,-236.87464968900125,-96404.46289367319
7.399999999999887,-41.167497180809335,-200.10861078252373,-97405.57034667216
7.4099999999998865,-42.98135153918473,-162.66226089255463,-98254.66750712556
7.419999999999886,-44.416148490759134,-124.29712942232752,-98970.99716585106
7.429999999999886,-45.46124186535644,-84.72154549713318,-99567.37487045494
7.439999999999886,-46.10413576581008,-43.857234593593404,-100049.30762921354
7.449999999999886,-46.33353516188496,-2.0226446213835545,-100416.1032579791
7.459999999999885,-46.1435999415723,40.00968868391574,-100101.99276162477
7.469999999999885,-45.53807972614429,81.09435440168481,-98217.66339000796
7.479999999999885,-44.532721697459436,119.9772513352857,-95214.60608923246
7.489999999999885,-43.15470557213242,155.62597373011806,-90995.03643337944
7.4999999999998845,-41.439220028722985,187.47113495176728,-85536.89852397788
7.509999999999884,-39.42427186068346,215.51849865613792,-79201.39038152032
7.519999999999884,-37.1452889829043,240.27807689969438,-71666.08869478726
7.529999999999884,-34.63120813038054,262.5380936050578,-63228.639735940356
7.539999999999884,-31.903263872719123,283.05075792722573,-53805.16327050829
7.5499999999998835,-28.9768730954131,302.227397533979,-43594.40243279716
7.559999999999883,-25.866002501464617,319.9467212557174,-33677.05294831832
7.569999999999883,-22.588521614049093,335.5494562273881,-24615.072274387196
7.579999999999883,-19.170750571968327,348.004752188765,-17368.85070082105
7.589999999999883,-15.650001093462334,356.1451435124336,-11919.847486620667
7.599999999999882,-12.074583505398715,358.93837410029016,-7222.033803623269
7.609999999999882,-8.500909339974688,355.7964589845151,-2632.6391897778585
7.619999999999882,-4.9880379010248035,346.77782880546215,3291.9050421148445
7.629999999999882,-1.5911348800977223,332.60277537995415,11403.083691652926
7.6399999999998816,1.6437156142932894,314.3673234982482,25582.881051115077
7.649999999999881,4.682892631538524,293.46807995079894,40515.48372513182
7.659999999999881,7.508566336960366,271.6666611335694,52275.42137840579
7.669999999999881,10.119606893057194,250.54145008579587,61000.21128375265
7.679999999999881,12.52740974470496,231.01912024375696,67090.32145478905
7.6899999999998805,14.74894030153946,213.28699112314297,72507.06964160313
7.69999999999988,16.800115396536857,196.94802787633708,76518.82576110247
7.70999999999988,18.691651995631506,181.35929194259225,79712.32021458565
7.71999999999988,20.428007843265217,165.91187758414986,82419.05939345437
7.72999999999988,22.008926525367905,150.27185883638708,84447.83006740021
7.739999999999879,23.4326401309136,134.47086227275162,86257.34748563627
7.749999999999879,24.699139698828734,118.8290513102749,87805.81622001826
7.759999999999879,25.81216557629535,103.77612418304867,88941.64377185052
7.769999999999879,26.779045908471595,89.59994225220063,89863.59651997741
7.779999999999879,27.60810798549453,76.21247315238631,90625.85704061901
7.789999999999878,28.304429877712376,63.05190529118317,91268.7615408919
7.799999999999878,28.865449890149318,49.15209719620441,91797.23702137702
7.809999999999878,29.278009503224013,33.359825418735085,92217.50512896413
7.819999999999878,29.518047740380627,14.647822012587907,92522.7943135489
7.8299999999998775,29.55344681035502,-7.568008017709855,92696.97095529092
7.839999999999877,29.34969709121674,-33.18193580994579,92077.02479942614
7.849999999999877,28.877140589943593,-61.32936444468283,90592.56992145684
7.859999999999877,28.11777132329392,-90.54448888525164,88174.04102194589
7.869999999999877,27.06968861852003,-119.0720520695265,84796.13274383367
7.879999999999876,25.748046997776378,-145.2562720792041,80402.30410331096
7.889999999999876,24.182261260177782,-167.90087544051474,75083.32402070005
7.899999999999876,22.4101824626993,-186.51488405518174,68794.34314121213
7.909999999999876,20.470755548545153,-201.3704987756478,61674.76133215061
7.919999999999876,18.397141098521264,-213.3523912291295,53657.8420306151
7.929999999999875,16.212049369314293,-223.66595461226404,45020.21631210684
7.939999999999875,13.926399646314279,-233.46398998773884,36056.40433783914
7.949999999999875,11.541381364364273,-243.5396664022619,26988.412277853047
7.959999999999875,9.052899957664058,-254.1566149377813,18435.527274428307
7.9699999999998745,6.457082470618066,-265.0068824714171,10690.059029644364
7.979999999999874,3.7556108628021296,-275.28743909177024,2647.058294347128
7.989999999999874,0.9598938457287626,-283.8559643229031,-8210.529062558571
7.999999999999874,-1.9070827035990834,-289.5393455426662,-22605.244097594452
8.009999999999874,-4.812826566791994,-291.6094270959158,-37472.04813366903
8.019999999999873,-7.72173777071548,-290.1728136887813,-49684.07394981642
8.029999999999873,-10.602613186379989,-286.0022694441207,-58596.352817018924
8.039999999999873,-13.43292332335051,-280.0597579499836,-66040.57556192405
8.049999999999873,-16.19916178072779,-273.1879335254718,-72216.80000114291
8.059999999999873,-18.894623593404713,-265.9044290099129,-77230.37699302667
8.069999999999872,-21.515570750180633,-258.2850023452715,-81058.42645886584
8.079999999999872,-24.056809687073436,-249.96278503328924,-84519.4524325597
8.089999999999872,-26.508124317106276,-240.30014097327845,-87093.16883504698
8.099999999999872,-28.85301189637356,-228.67737488017735,-89286.91741165657
8.109999999999872,-31.07019228344373,-214.75870253385645,-91155.66952897978
8.119999999999871,-33.137458574479226,-198.694555673243,-92817.89801677006
8.129999999999871,-35.03692233973816,-181.19819737854328,-94054.88076663541
8.139999999999871,-36.76003436130642,-163.4242069351081,-94998.94742331575
8.14999999999987,-38.31054312878547,-146.677546560702,-95818.69888040035
8.15999999999987,-39.70421422346174,-132.05667237455216,-96505.04602350494
8.16999999999987,-40.96517099900261,-120.13468273362099,-97090.4339190101
8.17999999999987,-42.11961755786041,-110.75462903793931,-97598.31235774573
8.18999999999987,-43.188410511775736,-103.00396174512612,-98045.61295362138
8.19999999999987,-44.180354111934044,-95.38475828653509,-98449.39755821104
8.20999999999987,-45.08795426644067,-86.13527261478997,-98822.34499442492
8.21999999999987,-45.88671467291117,-73.61680867930912,-99171.46697241541
8.229999999999869,-46.538109073253096,-56.66207138907631,-99496.70502888077
8.239999999999869,-46.995388914015585,-34.79389676342216,-99790.85070982894
8.249999999999869,-47.210668773170475,-8.262075067555989,-100040.51854059583
8.259999999999868,-47.14149880170513,22.09606936062546,-100095.10000429097
8.269999999999868,-46.7555768356977,55.088323840860525,-98870.00318600019
8.279999999999868,-46.032733159954375,89.48041130780474,-96730.53481653883
8.289999999999868,-44.963846687030525,124.29688327696567,-93484.66108454493
8.299999999999867,-43.54758482770724,158.95548858769064,-89086.23858621006
8.309999999999867,-41.786579414748736,193.24559400400958,-83497.2108394075
8.319999999999867,-39.68448990722433,227.17230750087128,-76808.93539070079
8.329999999999867,-37.24507858286129,260.7099573717367,-68834.28999196964
8.339999999999867,-34.473694421213615,293.56687495779795,-59427.086369666176
8.349999999999866,-31.38051011988153,325.0699853086194,-48716.01032926682
8.359999999999866,-27.984103727847344,354.21129309821856,-37407.60058829636
8.369999999999866,-24.31378223082211,379.8530063068282,-26968.787945313816
8.379999999999866,-20.40925770928672,401.0518980002503,-18246.35758369654
8.389999999999866,-16.317568025937135,417.28603866966665,-11998.98212727637
8.399999999999865,-12.088606169649761,428.50633258780783,-6785.094899873116
8.409999999999865,-7.770464954611593,435.12191041982584,-1373.893979511056
8.419999999999865,-3.4055789331600863,437.8552938704755,6588.9900099866345
8.429999999999865,0.97048438135722,437.35736903298573,21440.554237722037
8.439999999999864,5.327078306397982,433.9614159751667,43150.45990397194
8.449999999999864,9.63778870538386,428.1806638220094,59008.764437295424
8.459999999999864,13.881704929546856,420.60258101058974,69653.3533817996
8.469999999999864,18.040523543775585,411.1611418351557,77729.76738977202
8.479999999999864,22.092145443796326,399.1632381689925,83331.68790859173
8.489999999999863,26.00608945317915,383.6255637075724,87697.79476046555
8.499999999999863,29.742524810133794,363.6615076833559,90569.12859557246
8.509999999999863,33.254825850564,338.79870040268463,93142.69294673402
8.519999999999863,36.49467560715045,309.17125091460275,94931.71807580531
8.529999999999863,39.41842256933596,275.5781415225003,96256.21941775373
8.539999999999862,41.99286478586327,239.31030178296152,97384.88808168539
8.549999999999862,44.19872709897934,201.86216084025173,98356.13618692182
8.559999999999862,46.031176836780645,164.62778672000886,99182.6055116282
8.569999999999862,47.49746508140979,128.6298622058213,99877.2984147637
8.579999999999862,48.61245845606737,94.36881272569546,100450.16821418099
8.589999999999861,49.393457823907674,61.83106084236636,100911.67739072072
8.599999999999861,49.855819507492825,30.641275874662348,101271.59343195912
8.60999999999986,50.01053639592063,0.30210181089923455,101524.5257978971
8.61999999999986,49.86431674192976,-29.546032609073023,101265.44491612524
8.62999999999986,49.42195143834124,-58.92702810863176,99899.14456184051
8.63999999999986,48.689810834059045,-87.50109274780753,97718.98922054294
8.64999999999986,47.678841037524805,-114.692866559039,94654.48293988331
8.65999999999986,46.40592245740631,-139.89084946466136,90796.32677680047
8.66999999999986,44.893082346921055,-162.6771726323891,85990.80306200523
8.67999999999986,43.16460680033207,-183.01793668540714,80563.27216185103
8.68999999999986,41.24286222348311,-201.33097868438713,74321.67500385446
8.699999999999859,39.1442080876474,-218.3998484827549,67462.93247079804
8.709999999999859,36.876445215620606,-235.15272592260357,59810.697936727236
8.719999999999859,34.438820043977884,-252.37230840594205,51399.98754141863
8.729999999999858,31.82477014516111,-270.4376713574129,42538.441309978414
8.739999999999858,29.02682519383408,-289.1513189079927,33895.77729357403
8.749999999999858,26.0424037125336,-307.7329773521041,25865.206849204238
8.759999999999858,22.878836018999063,-324.9805613548025,19105.447926826982
8.769999999999857,19.556405972583097,-339.5054479283901,13746.780354324375
8.779999999999857,16.108760849876273,-350.02357661297515,9554.301264533242
8.789999999999857,12.580503412421171,-355.6279108780455,5772.223080974862
8.799999999999857,9.022487936473993,-355.9751843113896,1886.4911536870081
8.809999999999857,5.486118660571499,-351.2986708691093,-3476.5473564253152
8.819999999999856,2.0183623819031915,-342.2525848645523,-11230.20142343827
8.829999999999856,-1.3407078974320856,-329.5614710025031,-24765.14131532805
8.839999999999856,-4.557970883226523,-313.8911261563842,-40604.147880245364
8.849999999999856,-7.607718236222396,-296.0583444427903,-53136.57895505418
8.859999999999856,-10.471816700655724,-276.76134844387553,-62469.71992209914
8.869999999999855,-13.136947442271458,-256.26479987927144,-68973.32338187048
8.879999999999855,-15.590488741787073,-234.44346002385174,-74580.58064982868
8.889999999999855,-17.817739857801598,-211.00676317905413,-78519.95699005244
8.899999999999855,-19.801751277062994,-185.79552067322524,-81853.27137246002
8.909999999999854,-21.525486954084972,-158.95161473117076,-84127.21140741465
8.919999999999854,-22.975148311724933,-130.98065679682082,-86032.98707436326
8.929999999999854,-24.14331493893104,-102.65266864440096,-87540.04700330421
8.939999999999854,-25.030719974058023,-74.82833838099556,-88717.06664259362
8.949999999999854,-25.646070468017736,-48.2417604109472,-89422.03291311314
8.959999999999853,-26.00375714322407,-23.295574630319337,-89902.09924034984
8.969999999999853,-26.12000900840137,0.045201594859097124,-90156.60992276524
8.979999999999853,-26.00880609384346,22.19538131672361,-89910.1342313213
8.989999999999853,-25.679043875345997,43.75706238276938,-88845.05503286024
8.999999999999853,-25.13384721895382,65.28226889566518,-87095.784152242
9.009999999999852,-24.37223099068581,87.04097675793733,-84605.29699966696
9.019999999999852,-23.39279973920354,108.8452735385176,-81343.97512720639
9.029999999999852,-22.198556495583404,130.00337518550938,-77261.35765622735
9.039999999999852,-20.801309843107042,149.44595530976312,-72374.49813358492
9.049999999999851,-19.224255026317984,165.96500804804782,-66631.38628451146
9.059999999999851,-17.501863552917396,178.51328663206982,-60050.85952560032
9.069999999999851,-15.676785192676228,186.50238541616392,-52737.75793817458
9.07999999999985,-13.794365628600984,189.98152739888505,-44981.22031805692
9.08999999999985,-11.896203139056126,189.65097051008632,-37037.610304955146
9.09999999999985,-10.014274649262301,186.73472744867834,-29050.27219147409
9.10999999999985,-8.166906980203452,182.73880636309153,-21623.314699301813
9.11999999999985,-6.357655763779976,179.11143692160363,-14769.136799000467
9.12999999999985,-4.577417491782155,176.93621747796055,-8652.500615498971
9.13999999999985,-2.809218848690317,176.70351114040696,-1949.1208046311574
9.14999999999985,-1.0345448081496114,178.23129696773418,6334.938547364949
9.15999999999985,0.7609842251129905,180.87450968478618,15403.897758691839
9.169999999999849,2.5843914868740527,183.80694266742626,25228.75119595753
9.179999999999849,4.4348730650578165,186.2893729693266,34729.991650810196
9.189999999999849,6.3058413460214355,187.9042832233971,43335.50251646609
9.199999999999848,8.188398115151001,188.60707060251607,50664.34889836158
9.209999999999848,10.074592574290564,188.6318212253967,56484.78899712628
9.219999999999848,11.959247407547414,188.29914542597308,61844.59563303437
9.229999999999848,13.839792286647226,187.80983039398967,66681.03958868927
9.239999999999847,15.714355701763115,187.1028526291882,70899.08982336169
9.249999999999847,17.57874370791918,185.7747486020245,74606.88649540677
9.259999999999847,19.423143883365096,183.10528648715882,77867.93870108617
9.269999999999847,21.229771602439858,178.22025732779332,80591.3973647273
9.279999999999847,22.972465086742567,170.3184395327483,83149.7515562972
9.289999999999846,24.618590917387216,158.90672659618076,85330.1764221229
9.299999999999846,26.133081841030382,143.99145813245173,86936.93160954896
9.309999999999846,27.48363245184694,126.11866403085976,88379.25217389737
9.319999999999846,28.645505462235644,106.2559380468807,89585.3100317811
9.329999999999846,29.604683310182498,85.57963154249103,90553.80546587394
9.339999999999845,30.358552191561117,65.19414473323289,91332.70436925613
9.349999999999845,30.9138271419494,45.86084534442397,91925.33441723882
9.359999999999845,31.282234306211645,27.82058750802463,92351.87137948933
9.369999999999845,31.475130145215555,10.75858029275791,92626.8049472945
9.379999999999844,31.498531395896986,-6.078330156471565,92762.1148869839
9.389999999999844,31.34999203887197,-23.629541248530476,92303.52727785464
9.399999999999844,31.018209012112013,-42.7270641034617,91263.05866231314
9.409999999999844,30.485298470740116,-63.85504417091825,89566.17593924524
9.419999999999844,29.73102474532655,-86.99970091179503,87156.10794353542
9.429999999999843,28.73784548219103,-111.63615171530903,83935.34020010117
9.439999999999843,27.495386702190558,-136.85560428478536,79811.57054387858
9.449999999999843,26.003192708774062,-161.58319439851365,74754.94969883714
9.459999999999843,24.27110920824113,-184.8335057080728,68660.97093960382
9.469999999999843,22.317355998135554,-205.9171363130422,61568.280201370246
9.479999999999842,20.165087187333146,-224.5366258474386,53358.807195382324
9.489999999999842,17.83853611331838,-240.7735889555146,44315.167082093845
9.499999999999842,15.359919054453213,-254.94982281751894,34829.343306488016
9.509999999999842,12.747829452039877,-267.46809766514804,25340.290261223643
9.519999999999841,10.017135257100454,-278.67074132273626,17014.4093146214
9.529999999999841,7.180499843067019,-288.656341483951,9484.52020469253
9.539999999999841,4.251458106703692,-297.1520057887145,1500.3158659272312
9.54999999999984,1.247892210317147,-303.5611734885945,-8449.047022590583
9.55999999999984,-1.8052397727007443,-307.0652231149838,-23479.977732612027
9.56999999999984,-4.875881694125829,-307.06316117003325,-38863.23116269549
9.57999999999984,-7.929729861454834,-303.70647229576775,-51610.70789597732
9.58999999999984,-10.937224524764611,-297.79246036618775,-60643.305321847736
9.59999999999984,-13.878168380356842,-290.39631075225816,-68137.33109279226
9.60999999999984,-16.74324853551491,-282.6197202793557,-74219.36233261766
9.61999999999984,-19.533230863758146,-275.37674536929205,-79122.2829942926
9.62999999999984,-22.256055750191464,-269.18823191737215,-82842.70026954627
9.639999999999839,-24.922037190232164,-264.0080560907681,-86193.81211392107
9.649999999999839,-27.538140306374153,-259.2125671376301,-88578.67910652845
9.659999999999838,-30.10291414294864,-253.74220017726805,-90727.0498930646
9.669999999999838,-32.603204770551315,-246.31592534326688,-92614.51639604908
9.679999999999838,-35.013478332426665,-235.73878703180242,-94178.1667079146
9.689999999999838,-37.298115619128055,-221.1886703084765,-95287.76640745703
9.699999999999838,-39.415898956893045,-202.36799724452123,-96282.05891897269
9.709999999999837,-41.32532469249846,-179.51714987656277,-97143.23035042078
9.719999999999837,-42.989500662825655,-153.31804418887583,-97909.1827548602
9.729999999999837,-44.379565782961066,-124.69497983820686,-98575.66649265203
9.739999999999837,-45.47588914263104,-94.56969209578808,-99145.08535692775
9.749999999999837,-46.26701696300112,-63.655871978227815,-99616.99342102664
9.759999999999836,-46.747032055234484,-32.34714646844548,-99991.76649075735
9.769999999999836,-46.91239680161286,-0.7258028072290701,-100269.785355455
9.779999999999836,-46.7595071145705,31.30374021569982,-99992.88813315387
9.789999999999836,-46.28396898661185,63.80388537602995,-98520.53405122335
9.799999999999836,-45.481754639919565,96.63898396242796,-96122.94490181877
9.809999999999835,-44.35160743462497,129.3904570964918,-92693.46848790537
9.819999999999835,-42.897940830399016,161.3428637486982,-88120.47689072945
9.829999999999835,-41.13329150682616,191.58700096587336,-82534.01272008511
9.839999999999835,-39.079329163236686,219.205467752021,-75923.90900582934
9.849999999999834,-36.76594964111023,243.47043667327122,-68325.58205481514
9.859999999999834,-34.228596954885425,264.00010057169226,-59665.27828725724
9.869999999999834,-31.504411760101608,280.8369383850719,-50136.34643008112
9.879999999999834,-28.628108298198914,294.42375399546654,-40328.23681811799
9.889999999999834,-25.6287503390988,305.44783782455664,-31070.312208357256
9.899999999999833,-22.528247183008336,314.6527933935364,-22821.062266556128
9.909999999999833,-19.341899178987603,322.61680741061036,-16438.230016099915
9.919999999999833,-16.081212184066267,329.52059157365744,-11496.307975855656
9.929999999999833,-12.758358000063465,335.05024522690314,-7274.776785310388
9.939999999999833,-9.39071235715679,338.4788833544315,-3206.874792589752
9.949999999999832,-6.004009215364323,338.86174500406173,1874.1187233427472
9.959999999999832,-2.633356439855288,335.26881009774536,9005.52676848005
9.969999999999832,0.6776744236510663,326.93736260352546,20999.4799284672
9.979999999999832,3.879765784903055,313.4809096468723,36920.46776011733
9.989999999999831,6.924074436763992,295.38082072531483,50119.1569604083
9.999999999999831,9.770494978005877,273.90328752306226,60202.289665640084
10.009999999999831,12.3927977989612,250.55727666800246,67019.59949483984
10.01999999999983,14.77915199593394,226.71356272654606,72820.60741053041
10.02999999999983,16.929519500855307,203.3599382577272,77055.89516208453
10.03999999999983,18.85152532004531,181.04122558027402,80277.9974377113
10.04999999999983,20.55597790038316,159.84929048729543,82963.2512345668
10.05999999999983,22.052957911490704,139.5467117342138,84869.82396329439
10.06999999999983,23.34944248262061,119.75020249176636,86541.8782056497
10.07999999999983,24.448778596989136,100.11702038193924,87919.01296635365
10.08999999999983,25.351871229212055,80.50150606264462,88995.50654740547
10.09999999999983,26.059439367798465,61.0121216546379,89720.08887199343
10.109999999999829,26.57421949509338,41.94390380434561,90278.31138036409
10.119999999999829,26.902107385312792,23.633674239536706,90672.0272548002
10.129999999999828,27.051766589288107,6.298166555525798,90913.5145926773
10.139999999999828,27.032746916690993,-10.102101074948145,91002.03161044055
10.149999999999828,26.852732012349122,-25.900879793425798,90396.96718996785
10.159999999999828,26.514856167686766,-41.67428913904529,89344.84094257007
10.169999999999828,26.015935377859744,-58.10986882635934,87737.1288011683
10.179999999999827,25.34639367993406,-75.79847075877763,85544.29503190264
10.189999999999827,24.49226549695464,-95.02716583710587,82753.51395607924
10.199999999999827,23.438986910656546,-115.62855142251335,79166.66890667028
10.209999999999827,22.176069589021818,-136.95491290443246,74817.3148861144
10.219999999999827,20.701394194507895,-157.98016599835225,69578.89222682308
10.229999999999826,19.024010878570873,-177.49649718905232,63411.98076109083
10.239999999999826,17.164693169019483,-194.36704472122602,56228.39985252583
10.249999999999826,15.154009936784023,-207.7696017258662,48129.14465182001
10.259999999999826,13.028367874595231,-217.3588107118923,39446.22486676931
10.269999999999825,10.825055958288951,-223.30357254936362,30425.59278227455
10.279999999999825,8.577374112793771,-226.2327965496726,21613.521944334178
10.289999999999825,6.3109928673708255,-227.04345253491655,13556.367588534205
10.299999999999825,4.042734839586347,-226.6081530219792,6022.000358968406
10.309999999999825,1.782415404513622,-225.45573399256588,-3102.894081072054
10.319999999999824,-0.4629963171882529,-223.6266103478091,-14277.788770253805
10.329999999999824,-2.685158958681922,-220.80591795092465,-26181.71652210924
10.339999999999824,-4.871967563333315,-216.555802979354,-37211.348034920986
10.349999999999824,-7.007315417801405,-210.51376791426404,-46573.25299376473
10.359999999999824,-9.072302828532912,-202.48371423203733,-53761.4202563224
10.369999999999823,-11.04718599744227,-192.4929195498346,-59549.29874892781
10.379999999999823,-12.913706523682714,-180.81118569825446,-64695.59417588871
10.389999999999823,-14.65737258766578,-167.92202709835885,-69044.93783243252
10.399999999999823,-16.269121357677776,-154.4277269040408,-72402.71094370433
10.409999999999823,-17.74558826189675,-140.8656539397546,-75425.31884965592
10.419999999999822,-19.087653322614575,-127.54735820381057,-77837.77059636584
10.429999999999822,-20.29785456781469,-114.49289083621149,-79765.19167453243
10.439999999999822,-21.377551933918074,-101.44658238446571,-81464.71548965611
10.449999999999822,-22.324693784176603,-87.9817876672406,-82897.51054390914
10.459999999999821,-23.133030206907176,-73.68549687887361,-84081.903735965
10.469999999999821,-23.79316958830525,-58.342379400741414,-85043.97210055929
10.479999999999821,-24.2951893459016,-42.06157211852861,-85796.78276525912
10.48999999999982,-24.632052926099448,-25.31114392104153,-86271.70127686167
10.49999999999982,-24.802783636381868,-8.834998135442664,-86563.89840965223
10.50999999999982,-24.81431828208638,6.528068994540695,-86680.03740459554
10.51999999999982,-24.681422265564414,20.05113430985156,-86252.1398165413
10.52999999999982,-24.424557996205174,31.321719561996492,-85431.9459803233
10.53999999999982,-24.066001354711076,40.38960873682248,-84256.25111139707
10.54999999999982,-23.625123100084178,47.786042188557495,-82803.24739775929
10.55999999999982,-23.114132581546432,54.412061518991955,-81041.70615828857
10.569999999999819,-22.53539314392357,61.33582600557997,-79044.31101654144
10.579999999999819,-21.88093554163151,69.55569445283166,-76735.50722448771
10.589999999999819,-21.134246129607416,79.78218795198696,-74134.94157232765
10.599999999999818,-20.273869660993178,92.29310577086014,-71050.42564749465
10.609999999999818,-19.277844924386034,106.91184155056858,-67360.24018815155
10.619999999999818,-18.127772398411636,123.10266364431125,-63029.510390283554
10.629999999999818,-16.811572775936718,140.13726085067248,-57886.53420586347
10.639999999999818,-15.32446098362701,157.28509761126912,-51827.002506262965
10.649999999999817,-13.66815250959788,173.97659719455666,-44929.831026558684
10.659999999999817,-11.848875232796976,189.87885816562448,-37244.18878691802
10.669999999999817,-9.875047168543311,204.8867546851083,-28772.406762225586
10.679999999999817,-7.755317654696523,219.05914808424922,-20144.141778923153
10.689999999999817,-5.497603902447465,232.4836023655623,-11912.979887042153
10.699999999999816,-3.1098602861747895,245.0651208889727,-3191.1662576217964
10.709999999999816,-0.6029802804583462,256.31088025431603,8482.114596726458
10.719999999999816,2.0056635304552723,265.4178819284077,21851.55829864162
10.729999999999816,4.690435335806765,271.53647914189094,36013.02990892813
10.739999999999815,7.418509446664035,274.07834302956303,47823.779191789734
10.749999999999815,10.15319843588282,272.85945481419367,56874.54400955903
10.759999999999815,12.857550214204505,268.01090085014323,64294.45702599034
10.769999999999815,15.49749781812667,259.97861993429,70692.00424180846
10.779999999999815,18.044875403961672,249.4968972327108,75640.27925011591
10.789999999999814,20.479580159652844,237.44405390552458,79734.83903805281
10.799999999999814,22.78995358429646,224.6306310231987,83101.23267495813
10.809999999999814,24.971116722812145,211.60199667993854,85954.03509109751
10.819999999999814,27.021763999406886,198.52745863900944,87986.52558179671
10.829999999999814,28.94028327290746,185.1763960611054,89844.19923747276
10.839999999999813,30.721079638860378,170.98287712947766,91392.89844596914
10.849999999999813,32.35217466692733,155.23612848391326,92771.94549378316
10.859999999999813,33.81488460032441,137.3058581955022,93971.79908409494
10.869999999999813,35.08562665764617,116.84255326885003,94747.33544210492
10.879999999999812,36.13929818594235,93.89175239038569,95425.56195107318
10.889999999999812,36.95319600334791,68.88781109072666,95972.82970612048
10.899999999999812,37.510456837926135,42.56435582491852,96409.30777089408
10.909999999999812,37.802225774934854,15.789431576825386,96721.86358032007
10.919999999999812,37.828011205588446,-10.632345446106541,96912.76225210109
10.929999999999811,37.59437545555117,-36.094804561346734,96205.14055215259
10.939999999999811,37.11256512471857,-60.26726160517229,94749.80779918618
10.949999999999811,36.395668480525444,-83.11206723345373,92483.02119752698
10.95999999999981,35.45612162717239,-104.79730343715858,89478.55862681787
10.96999999999981,34.30438871203176,-125.5492795909649,85792.46107448297
10.97999999999981,32.94912497510641,-145.5034677941062,81425.95520542856
10.98999999999981,31.398620561174358,-164.59741499230344,76233.0611110967
10.99999999999981,29.662844590334636,-182.5577791756412,70391.12383790922
11.00999999999981,27.75522791466461,-198.9655559583642,63684.90245428463
11.01999999999981,25.693479855142797,-213.38405594599746,56217.117463548806
11.02999999999981,23.498923306789305,-225.52725372470113,48045.527414524026
11.039999999999809,21.1943856831357,-235.38027100602037,39644.15790826674
11.049999999999809,18.801246200197546,-243.24762558160947,31425.163133571325
11.059999999999809,16.336340178312515,-249.73357879539705,23820.722041717436
11.069999999999808,13.809702320361094,-255.5939927948871,17335.49777402895
11.079999999999808,11.22422860614827,-261.50075004767785,11819.194352811224
11.089999999999808,8.577602181362769,-267.8245349094224,6838.4223591674745
11.099999999999808,5.866105828855402,-274.47473559205105,1427.8638539139067
11.109999999999808,3.089409754133226,-280.8644793523841,-5189.857245428944
11.119999999999807,0.25534326106922717,-285.9488192604157,-15112.589421732708
11.129999999999807,-2.6162457251413276,-288.36897798169525,-29298.14738871612
11.139999999999807,-5.493008628308568,-286.9836026517529,-43054.01557829931
11.149999999999807,-8.334374294497609,-281.28953058605515,-54325.72337534194
11.159999999999807,-11.097490825789956,-271.3337756724143,-62445.64580432658
11.169999999999806,-13.741952245970047,-257.55850836360435,-69027.46938741913
11.179999999999806,-16.233082434985544,-240.6675294394949,-74438.71415025734
11.189999999999806,-18.543925425110256,-221.50106858544683,-78495.34226853374
11.199999999999806,-20.655809312046777,-200.87570880185731,-81821.3334325594
11.209999999999805,-22.557245414224948,-179.4115116337775,-84367.8625991397
11.219999999999805,-24.24154173000671,-157.44775152257435,-86541.89488487747
11.229999999999805,-25.70402367285919,-135.0486370479219,-88203.04761217484
11.239999999999805,-26.939800050393927,-112.10663845902607,-89434.68908741072
11.249999999999805,-27.942690195309634,-88.47139052411502,-90429.7550691657
11.259999999999804,-28.705470638739833,-64.08469816192408,-91209.28955134259
11.269999999999804,-29.221346606083063,-39.09049530672234,-91787.13380718563
11.279999999999804,-29.486101355357846,-13.860454548233939,-92167.58311510361
11.289999999999804,-29.500065547794602,11.067616060882496,-92351.91468863827
11.299999999999804,-29.269289352923206,35.08762291339714,-91611.05136146296
11.309999999999803,-28.805513189144676,57.66760984230856,-90157.73273626069
11.319999999999803,-28.124672044137544,78.50061915911719,-87973.90758805451
11.329999999999803,-27.244331632270008,97.56746321438982,-85118.29917323063
11.339999999999803,-26.180962844625455,115.10629431452051,-81605.54329379615
11.349999999999802,-24.947977621855774,131.49075023941572,-77398.64195479397
11.359999999999802,-23.55515066991936,147.07464014786723,-72582.36563257815
11.369999999999802,-22.009642979030367,162.02689802993157,-67031.56245445996
11.379999999999802,-20.318432392685892,176.21521923896285,-60700.654790605826
11.389999999999802,-18.49137757609424,189.19574407936787,-53622.04510522842
11.399999999999801,-16.543953919377206,200.2889872640394,-45897.065105229456
11.409999999999801,-14.498821554403406,208.73748573072064,-37823.64201393333
11.419999999999801,-12.38556373957632,213.91407723469655,-29644.85493619139
11.4299999999998,-10.238377698495682,215.52313098143097,-21757.76975059901
11.4399999999998,-8.092196611502416,213.7130864172226,-14891.438136713785
11.4499999999998,-5.978459227639504,209.0343903553598,-8479.149088830532
11.4599999999998,-3.9217749830358586,202.30245856536914,-2317.560047484122
11.4699999999998,-1.9382500132190976,194.4025353979831,4842.631613290214
11.4799999999998,-0.035871983951746386,186.07307045548714,13644.642413243619
11.4899999999998,1.7836774246476081,177.83681126438373,22666.857629152004
11.4999999999998,3.5226348193723176,169.95466768055812,32167.004150777077
11.509999999999799,5.184718777294323,162.4621239038431,39875.387458126555
11.519999999999799,6.773115914609089,155.21730355910998,46973.84946090158
11.529999999999799,8.288903690633763,147.94025164582482,52596.73332217268
11.539999999999798,9.730497880971678,140.37858642175823,57239.94196296666
11.549999999999798,11.094430524240202,132.40794223194683,61088.404299827955
11.559999999999798,12.376738645493125,124.05368201863747,64689.44868089614
11.569999999999798,13.574415803751155,115.48174963296852,67674.14344086642
11.579999999999798,14.686410484179286,106.91718645265784,70355.3898765983
11.589999999999797,15.713547153469873,98.51014740545999,72568.28697433072
11.599999999999797,16.657297961591375,90.24001421884063,74485.36185157565
11.609999999999797,17.51778532055604,81.85745757409273,76153.58053518593
11.619999999999797,18.291618726730267,72.90922366075166,77616.8501340547
11.629999999999797,18.970417001498646,62.85043129292345,78870.64113679946
11.639999999999796,19.54067723192821,51.201614792988664,79795.53751077318
11.649999999999796,19.985159774124472,37.694893646264234,80561.09373897279
11.659999999999796,20.285502634329728,22.37367839478708,81105.05991738195
11.669999999999796,20.425491148254626,5.6240243901924805,81423.73313167732
11.679999999999795,20.394171011346,-11.888051771917327,81444.49183305667
11.689999999999795,20.18801032323568,-29.344085850146893,80730.55468753235
11.699999999999795,19.811503549658063,-45.957268865376065,79456.2472526515
11.709999999999795,19.275898048996268,-61.163831266982896,77590.87278655334
11.719999999999795,18.596385716324445,-74.73863526738162,75219.17410964127
11.729999999999794,17.788622666893556,-86.8139746187966,72333.58303788562
11.739999999999794,16.86553984262158,-97.8025902355988,68874.52232464337
11.749999999999794,15.835230100891549,-108.25935811040739,64990.36265373706
11.759999999999794,14.700457799774782,-118.6951021129459,60456.13501078473
11.769999999999794,13.459892559682373,-129.4179459055361,55323.61706407202
11.779999999999793,12.110571115500232,-140.44634293089192,49552.90925405066
11.789999999999793,10.650877080516523,-151.4924640658498,43084.85624837754
11.799999999999793,9.083239189780002,-162.035114081454,35863.50476532561
11.809999999999793,7.415685649297678,-171.47559401501078,27869.579717680295
11.819999999999792,5.66168130005892,-179.3252758327408,19842.48782817352
11.829999999999792,3.83847378718816,-185.3162267414111,11743.38722602971
11.839999999999792,1.9650898860677553,-189.36055348266984,2318.2906392211794
11.849999999999792,0.06075542036937012,-191.50633965700717,-8541.17308179597
11.859999999999792,-1.856730622799356,-191.9908689767381,-19178.989169527646
11.869999999999791,-3.7722874166956433,-191.12048980251942,-29811.59870170607
11.879999999999791,-5.673611715055258,-189.14436986940342,-39024.82127871811
11.889999999999791,-7.550334272423707,-186.20014160428644,-47056.94560023761
11.89999999999979,-9.392558707581523,-182.24474542727677,-53290.635187446
11.90999999999979,-11.189263360950948,-177.09618524660803,-58672.47349771474
11.91999999999979,-12.927382059049117,-170.52755437302613,-63627.630413517436
11.92999999999979,-14.5921613964439,-162.42831310593067,-67876.22674200244
11.93999999999979,-16.168952676162736,-152.92994283783662,-71338.26059459825
11.94999999999979,-17.645656343204152,-142.410790570447,-74467.14624110675
11.95999999999979,-19.014888557453343,-131.43565227939203,-77039.06523958825
11.96999999999979,-20.27527994338445,-120.64262490682991,-79117.01813736816
11.979999999999789,-21.43135404158503,-110.57219473328584,-80988.02679901793
11.989999999999789,-22.491767600195853,-101.51051698887865,-82625.05592326193
11.999999999999789,-23.466325273018903,-93.40101757573154,-84033.92262833366
12.009999999999788,-24.362500116889738,-85.83395119843486,-85285.24615335911
12.019999999999788,-25.182325128412646,-78.13105110614676,-86222.62708390346
12.029999999999788,-25.920444728046917,-69.49286882070705,-87069.70615655636
12.039999999999788,-26.563761889311415,-59.170563432193276,-87795.54969800448
12.049999999999788,-27.092784435439036,-46.63394579333062,-88406.14488484223
12.059999999999787,-27.484346345515473,-31.67843622195677,-88886.90589040492
12.069999999999787,-27.714951211472965,-14.442536969542088,-89225.88027249537
12.079999999999787,-27.763868406093835,4.659098045368175,-89394.38163059448
12.089999999999787,-27.61533293207706,25.04799675798685,-88961.96347571081
12.099999999999786,-27.259498558104788,46.11887803646704,-87828.78556918768
12.109999999999786,-26.69200686376181,67.37946083212827,-85989.79563277737
12.119999999999786,-25.91247147969462,88.52761598131048,-83446.968650471
12.129999999999786,-24.922639084547253,109.43886304816357,-80116.55293406533
12.139999999999786,-23.725000423046662,130.08886925195532,-76013.47729613501
12.149999999999785,-22.322306646452873,150.44988606680224,-71078.52117239345
12.159999999999785,-20.71816895925036,170.37765137370087,-65251.101931968675
12.169999999999785,-18.918597660115786,189.53660845321383,-58396.94860980514
12.179999999999785,-16.93383926593372,207.41507038319963,-50504.04810094345
12.189999999999785,-14.779771595396632,223.39846372421792,-41770.76030028681
12.199999999999784,-12.478331254090747,236.88960453695918,-32541.108359753038
12.209999999999784,-10.056475362337839,247.4815738136227,-23060.659711418608
12.219999999999784,-7.543579235710226,255.09765151189984,-14699.478820656235
12.229999999999784,-4.968318507439175,259.95449414231047,-6531.016220564665
12.239999999999783,-2.3564764405727647,262.4139192309716,2283.4151245024163
12.249999999999783,0.269539302251148,262.78922933381097,14492.03209004363
12.259999999999783,2.889937732057759,261.2904566275113,28117.855401676887
12.269999999999783,5.487132188076548,258.14843457624653,40772.37771239525
12.279999999999783,8.045672462064047,253.55962022125294,51390.21310836471
12.289999999999782,10.551094771917862,247.52484174950976,59098.54721996686
12.299999999999782,12.987674228302545,239.7910495274267,65697.08787491244
12.309999999999782,15.336346102601945,229.94332533245364,71329.6610895362
12.319999999999782,17.57415582270667,217.61861868849044,75623.51329373661
12.329999999999782,19.675522102171236,202.65463720442352,79382.18760836466
12.339999999999781,21.614666122648035,185.17416689093596,82228.14752391118
12.349999999999781,23.368561277899463,165.6048641593501,84704.25538834657
12.359999999999781,24.919552408379147,144.59336193658694,86743.19563410466
12.36999999999978,26.25700227939127,122.89661226583755,88140.73115673073
12.37999999999978,27.37762563931639,101.2280597191865,89352.43033282025
12.38999999999978,28.284301203112246,80.10705303998468,90283.37199237668
12.39999999999978,28.983820864581272,59.79687925382051,91019.4784031316
12.40999999999978,29.484373003877145,40.313548605354754,91569.62400662793
12.41999999999978,29.79341149325821,21.49414927085801,91953.33158137319
12.42999999999978,29.916430362590592,3.109624595618605,92180.44635580445
12.43999999999978,29.856907970213193,-15.014103071098063,92113.25775258662
12.449999999999779,29.617358284886492,-32.89583399424177,91330.4109374519
12.459999999999779,29.200975968812173,-50.38062922062228,90022.45653384326
12.469999999999779,28.613070178226742,-67.20052889646333,88133.67953663364
12.479999999999778,27.86173632740176,-83.06624126853268,85699.28791049159
12.489999999999778,26.957519421334283,-97.77713994496213,82725.3019572522
12.499999999999778,25.912119704615204,-111.30280339885374,79189.82272627797
12.509999999999778,24.7365329455052,-123.81454842314673,75147.58064083225
12.519999999999778,23.439177135881852,-135.6566135015229,70592.68941012338
12.529999999999777,22.024693279434825,-147.24015778788197,65465.258878618726
12.539999999999777,20.493977182391475,-158.9030616207883,59716.50595276943
12.549999999999777,18.845515085229287,-170.78935781164978,53293.91287920863
12.559999999999777,17.077742137851434,-182.76523166392025,46326.77932064491
12.569999999999776,15.191920368931006,-194.39912212016517,38890.494665851955
12.579999999999776,13.194744555931432,-205.03604047974977,31164.41941758171
12.589999999999776,11.099760431210848,-213.96078446436724,23515.19185648215
12.599999999999776,8.927148867229231,-220.56152833195642,16449.82688297398
12.609999999999776,6.7021062150369355,-224.44700210650274,10008.100989517545
12.619999999999775,4.452461537829003,-225.4819333350836,3327.6284689395598
12.629999999999775,2.2061897205260634,-223.77243012550434,-4094.4209360964155
12.639999999999775,-0.010482126686989755,-219.5619393171063,-14204.724677688055
12.649999999999775,-2.1742506806103803,-213.19177146757184,-25010.152396404254
12.659999999999775,-4.265711571228727,-205.10040665609765,-36109.08163434531
12.669999999999774,-6.270034252219752,-195.76412954210738,-44962.4990217813
12.679999999999774,-8.176579388093433,-185.54489763262922,-52502.96780163589
12.689999999999774,-9.977135580192147,-174.5663407871131,-58164.08364816002
12.699999999999774,-11.663908683930314,-162.78827996052004,-62782.28612453345
12.709999999999773,-13.22822105920995,-150.07419509540713,-66977.09336482716
12.719999999999773,-14.660209748710974,-136.32354280479754,-70402.06211282517
12.729999999999773,-15.949783139548117,-121.59113536263077,-73195.39903489107
12.739999999999773,-17.0882752677414,-106.10729027602464,-75482.20934124163
12.749999999999773,-18.06997645826483,-90.2329478286615,-77351.31545082328
12.759999999999772,-18.89298979582788,-74.36971968394838,-78925.89170700799
12.769999999999772,-19.5591852040349,-58.869361957455325,-80034.70902173738
12.779999999999772,-20.073224949609532,-43.93858715747099,-80904.19703048485
12.789999999999772,-20.440828211020857,-29.582065124793843,-81537.56829582599
12.799999999999772,-20.666856952582187,-15.623683187471821,-81963.40480188382
12.809999999999771,-20.753907037890215,-1.786333874134129,-82175.1264225991
12.819999999999771,-20.701888185644677,12.190104323241618,-82077.14746746336
12.829999999999771,-20.508833492168836,26.4208343719271,-81420.04114765185
12.83999999999977,-20.172736781032068,40.79850785542654,-80281.65845084967
12.84999999999977,-19.693807950136414,54.98725832370387,-78614.0085250013
12.85999999999977,-19.076481649342085,68.47800183516226,-76462.0056155072
12.86999999999977,-18.330584022829985,80.70152346725764,-73848.56267479066
12.87999999999977,-17.471271840907622,91.1609129172146,-70688.61248734956
12.88999999999977,-16.51762006183104,99.56944289810228,-67077.46140166986
12.89999999999977,-15.490090109338421,105.93654760042139,-63099.454010224916
12.90999999999977,-14.40754722226297,110.57202981466867,-58728.47428654005
12.919999999999769,-13.284586899033254,114.0200348312743,-54006.12624506353
12.929999999999769,-12.129821729405522,116.932999094272,-48998.97875484775
12.939999999999769,-10.945519223866578,119.92750201351708,-43769.70799563258
12.949999999999768,-9.728693177798696,123.43770720005953,-38210.6688016277
12.959999999999768,-8.473315590710294,127.63781021762064,-32214.32421391611
12.969999999999768,-7.172877343028506,132.44983931873693,-25984.274184823546
12.979999999999768,-5.822563566773485,137.61291593226747,-19919.673062257774
12.989999999999768,-4.420636984508853,142.7724005206587,-13756.838884952058
12.999999999999767,-2.969000528720026,147.5548906371067,-7126.7834400343
13.009999999999767,-1.4730958968166303,151.6260357435724,804.9366793225101
13.019999999999767,0.05894013720665059,154.7811710610838,9436.101969445866
13.029999999999767,1.6179232585490484,157.01545320739575,17908.32995666642
13.039999999999766,3.1950019284284963,158.40028076849376,26915.38124157683
13.049999999999766,4.7820587887814785,159.01109130210264,34910.72918148827
13.059999999999766,6.3714909321072,158.87533736304175,42448.80288252651
13.069999999999766,7.955306765535564,157.88782932263115,48636.079866580374
13.079999999999766,9.523776971778403,155.80621192593642,53918.42235047067
13.089999999999765,11.064247206443588,152.28783500710028,58499.72061724867
13.099999999999765,12.560658346400844,146.99439298435107,62863.79139770427
13.109999999999765,13.994223642491969,139.71866623387353,66620.48699595631
13.119999999999765,15.345269098290748,130.49042492588217,69808.0521018314
13.129999999999765,16.595635271051957,119.58280962635978,72522.3920159958
13.139999999999764,17.730846664371676,107.45946903758347,74933.43040253202
13.149999999999764,18.741547410427046,94.68068017349096,76868.27952146168
13.159999999999764,19.62383091035803,81.77601981270605,78393.238252965
13.169999999999764,20.378278906424296,69.11357940054658,79693.73083906704
13.179999999999763,21.007910955874312,56.81283048945704,80757.0038683366
13.189999999999763,21.515651255783784,44.73522949243768,81619.5293216153
13.199999999999763,21.902031892425942,32.540897835993796,82276.16045035204
13.209999999999763,22.163724967395673,19.797717157952572,82741.72434906344
13.219999999999763,22.293293417615903,6.115972886093408,83019.30185011972
13.229999999999762,22.280217068538533,-8.731242701567727,83089.34192481273
13.239999999999762,22.112963627085954,-24.71944558894839,82514.6940926009
13.249999999999762,21.781545411537493,-41.5641975207439,81416.54623068604
13.259999999999762,21.279751259932564,-58.794632800241786,79701.49565259476
13.269999999999762,20.60646584001556,-75.86245118315883,77351.90678271113
13.279999999999761,19.765834011580466,-92.26391450385943,74421.38694518368
13.289999999999761,18.766366455829495,-107.62959664633439,70812.17166518772
13.299999999999761,17.619341535300553,-121.77538745945414,66520.28212630891
13.30999999999976,16.3370032107575,-134.6922774491559,61556.034441278214
13.31999999999976,14.93112535921843,-146.48329285865827,55842.8379551294
13.32999999999976,13.412336574847743,-157.27446401547928,49482.10625188539
13.33999999999976,11.790368455823467,-167.11915978937526,42465.2736252656
13.34999999999976,10.07508582352713,-175.93736666989201,34841.65054973788
13.35999999999976,8.277761600229486,-183.52747798963705,26541.977134322286
13.36999999999976,6.411861706307553,-189.65250079474924,18511.109408024262
13.37999999999976,4.492958883426975,-194.12806378136648,10931.949010229373
13.389999999999759,2.5382602631913236,-196.81166026576372,2376.1187324445395
13.399999999999759,0.5661655004116659,-197.6072922901678,-8003.971296166056
13.409999999999759,-1.4050615454632531,-196.63811688481604,-18291.626117476044
13.419999999999758,-3.3594011262730117,-194.22979927713567,-29324.952713221537
13.429999999999758,-5.284793671070337,-190.8487096823294,-38540.43209255126
13.439999999999758,-7.174060763493466,-187.00470880229648,-46952.607716543316
13.449999999999758,-9.024269818961505,-183.03710229131121,-53381.818873905846
13.459999999999757,-10.834593570169947,-179.02764795037726,-58874.646325242335
13.469999999999757,-12.603496846163344,-174.753007248302,-63839.613500196116
13.479999999999757,-14.32605704402382,-169.75903232379318,-68228.16738509295
13.489999999999757,-15.992366700111914,-163.50289889382526,-71890.36918489476
13.499999999999757,-17.587297483874682,-155.48325785872763,-75148.51285451156
13.509999999999756,-19.09148250292682,-145.3537459516998,-77949.3767773922
13.519999999999756,-20.483318923931858,-133.0135382493078,-80149.05754624678
13.529999999999756,-21.741492998381187,-118.62127664055863,-82143.24393078906
13.539999999999756,-22.8472599516247,-102.53211400814406,-83778.55955481927
13.549999999999756,-23.785968315141027,-85.20955869512036,-85143.60820325863
13.559999999999755,-24.547589779478464,-67.11473417236796,-86242.68170351189
13.569999999999755,-25.126221275360695,-48.611565004077654,-86969.04669063995
13.579999999999755,-25.51883370473048,-29.910920869878506,-87505.81201345066
13.589999999999755,-25.723715470913053,-11.065432366636005,-87840.37418243462
13.599999999999755,-25.73918309162931,7.971908223384525,-87983.46661920389
13.609999999999754,-25.56312014570658,27.240680961160777,-87422.18470978804
13.619999999999754,-25.19350367726657,46.68261272684159,-86246.33915186573
13.629999999999754,-24.629568527554845,66.10441721550347,-84410.35737634209
13.639999999999754,-23.873173847161908,85.17451886308356,-81905.87298342223
13.649999999999753,-22.929995414009454,103.46116776740763,-78676.13375433687
13.659999999999753,-21.810082787659596,120.52135750256403,-74777.24610810021
13.669999999999753,-20.527497058620334,135.9957883052878,-70195.63147903008
13.679999999999753,-19.099117291430908,149.68016513259735,-64926.674900393926
13.689999999999753,-17.542948444614897,161.5536042306052,-58903.57876618011
13.699999999999752,-15.876377394727546,171.76060574686485,-52151.74146581729
13.709999999999752,-14.114845218402513,180.54582951814177,-44867.692882879666
13.719999999999752,-12.271423943556007,188.13842545115986,-37128.881956424
13.729999999999752,-10.357410325921366,194.66429807576827,-28991.142476710003
13.739999999999752,-8.383514637713569,200.11483956579133,-21143.153351320725
13.749999999999751,-6.36134350598579,204.31938677976456,-13617.936850440397
13.759999999999751,-4.3049525460061835,206.95880521615678,-6598.136814019834
13.76999999999975,-2.232200663482707,207.59157128853852,1492.2913351848501
13.77999999999975,-0.16564381519386526,205.71979836922986,11556.921942470593
13.78999999999975,1.8680773850521835,201.02444167997984,21887.183171374465
13.79999999999975,3.8406797325630513,193.49602782219372,32711.456239392362
13.80999999999975,5.725634569306286,183.49493952645318,41460.133894586426
13.81999999999975,7.501486812504416,171.67550911317272,49089.7894277407
13.82999999999975,9.153710104777144,158.76914934137264,54701.737915034435
13.83999999999975,10.674828956004866,145.45462090417138,59380.71362680451
13.84999999999975,12.063260055976457,132.23159909014697,63320.85607267628
13.859999999999749,13.321279523136555,119.37229434187279,66660.64466442657
13.869999999999749,14.452834433258644,106.9386876825453,69484.6900998493
13.879999999999749,15.46169607407142,94.8336404800099,71777.27612724928
13.889999999999748,16.35030798970503,82.8887426467118,73664.53368823069
13.899999999999748,17.11952764680663,70.95518877360777,75257.87621365431
13.909999999999748,17.769130788008297,58.96543946672565,76538.33489809412
13.919999999999748,18.298766733391236,46.96174960986224,77602.76329527085
13.929999999999747,18.708957719598114,35.076447631513574,78427.98698707273
13.939999999999747,19.00169593808777,23.471196066417836,78981.23112718457
13.949999999999747,19.180337300709994,12.257076458027202,79338.1713712695
13.959999999999747,19.248749333757708,1.4253301515156906,79518.38032298235
13.969999999999747,19.209996448231355,-9.17590725678668,79444.66778069639
13.979999999999746,19.06506846451388,-19.809689486707857,78947.42827395919
13.989999999999746,18.81209872851494,-30.784257713080272,78085.77832839129
13.999999999999746,18.446354498866274,-42.364588216652606,76815.87484436303
14.009999999999746,17.961149029858316,-54.67650558493953,75126.99163550438
14.019999999999746,17.349576488386575,-67.63800270940882,72962.46125574273
14.029999999999745,16.6066870218815,-80.9398905916059,70182.76862140917
14.039999999999745,15.731496161451712,-94.09828149435116,66878.46661884859
14.049999999999745,14.728278895767875,-106.54517164241624,62961.53651623812
14.059999999999745,13.606831944474711,-117.7442186162164,58406.996234836915
14.069999999999744,12.381603235462993,-127.3015231861273,53190.20266755586
14.079999999999744,11.069911048704546,-135.03691416556208,47412.92260555499
14.089999999999744,9.689716403170308,-141.002014941285,41126.52271839404
14.099999999999744,8.257569310197974,-145.42740365318195,34266.94753769109
14.109999999999744,6.787180690161458,-148.6503203541213,26966.149297863856
14.119999999999743,5.288766939531792,-151.03242977181196,19895.33974673397
14.129999999999743,3.76940509569397,-152.83993899575245,12705.06276388739
14.139999999999743,2.234596372442206,-154.12180565460028,4757.579132307607
14.149999999999743,0.6905291669387849,-154.69163544608398,-4313.806998281432
14.159999999999743,-0.854353887299304,-154.2849754015338,-13120.216305867525
14.169999999999742,-2.3890259042196367,-152.6494279825327,-22065.875551637335
14.179999999999742,-3.9002832984602422,-149.60205086558838,-30151.82925578372
14.189999999999742,-5.373919603488442,-145.1252101400516,-37546.18370459582
14.199999999999742,-6.796368238697735,-139.3645169018069,-43960.64834527691
14.209999999999742,-8.156210977517567,-132.6040308621593,-49134.765465055745
14.219999999999741,-9.445108121999759,-125.17539803427879,-53520.882752800375
14.229999999999741,-10.657813653754786,-117.36570831672695,-57239.453823008516
14.23999999999974,-11.791401676893045,-109.35189631092518,-60671.736073404485
14.24999999999974,-12.843993054131865,-101.16637913683873,-63602.99333037112
14.25999999999974,-13.813409536419023,-92.71691732059294,-66251.18123132679
14.26999999999974,-14.696192877513306,-83.83975089826374,-68429.6890183464
14.27999999999974,-15.487283694155682,-74.37841243021145,-70224.85412143725
14.28999999999974,-16.18045892916923,-64.25663457249803,-71808.73608278006
14.29999999999974,-16.76944767446406,-53.54111448646817,-73130.13634184121
14.30999999999974,-17.249470952679967,-42.463541156713006,-74201.52536804626
14.31999999999974,-17.618703507594656,-31.38296982622468,-75005.1674564653
14.329999999999739,-17.87912747968097,-20.701824591038015,-75583.58862199966
14.339999999999739,-18.036453167890055,-10.763313050778672,-75955.24912552282
14.349999999999739,-18.099052110988755,-1.756475568961216,-76135.31041824888
14.359999999999738,-18.076119473847065,6.343002997299507,-76103.44727905637
14.369999999999738,-17.975531386873065,13.774614397500468,-75756.4376682597
14.379999999999738,-17.801934669372734,20.94472910256544,-75162.60107939219
14.389999999999738,-17.555520511017114,28.33810256855805,-74302.27605649336
14.399999999999737,-17.231818094624963,36.40238070987209,-73142.63851617373
14.409999999999737,-16.822583846760935,45.44446886293351,-71603.11469955217
14.419999999999737,-16.317507668351684,55.57076681891696,-69699.89724488772
14.429999999999737,-15.706262649003898,66.67823705064019,-67396.1373442395
14.439999999999737,-14.980419988737953,78.49029500254869,-64605.962921500606
14.449999999999736,-14.134811477994889,90.63140714606403,-61174.1913485809
14.459999999999736,-13.168021591589406,102.72657013503255,-57183.44358880113
14.469999999999736,-12.082006396342875,114.47646891427361,-52533.80724489392
14.479999999999736,-10.881182766726461,125.6882570090089,-47175.37176970612
14.489999999999736,-9.571389039452551,136.2704884457731,-41151.84535487836
14.499999999999735,-8.159139125334297,146.17949437787786,-34271.54226646204
14.509999999999735,-6.651380062128122,155.37231826335736,-26772.30424414496
14.519999999999735,-5.055676566222578,163.76838091775122,-19065.506156301824
14.529999999999735,-3.3808820850273067,171.19051532130305,-11011.720474824613
14.539999999999734,-1.638463989342841,177.29310381559006,-1508.1836049990857
14.549999999999734,0.15611726938790627,181.62314793055938,9110.065801459026
14.559999999999734,1.9833654604706907,183.8264902859975,19428.066509466717
14.569999999999734,3.821036075795567,183.70763277897777,29659.926702032728
14.579999999999734,5.6459509161250745,181.27533528692368,38715.935572643066
14.589999999999733,7.436278220714206,176.79012563090265,46515.14311960059
14.599999999999733,9.173605431468417,170.67531651993997,52653.09202378552
14.609999999999733,10.844021799083496,163.4079570030758,57799.04383096843
14.619999999999733,12.43804943679607,155.39757053943924,62560.629189028245
14.629999999999733,13.949630478689876,146.9186378393214,66585.32943520772
14.639999999999732,15.374635366591278,138.08233974095896,70012.69747095818
14.649999999999732,16.70909641184596,128.8098693099774,72911.72828650557
14.659999999999732,17.9474842739932,118.86770311947103,75525.41290613057
14.669999999999732,19.081609216927877,107.95728546746344,77615.65169237406
14.679999999999731,20.100492070295328,95.81928520602726,79358.56941067349
14.689999999999731,20.991186882503584,82.31967723562389,80854.61361144435
14.699999999999731,21.740297235244906,67.50239331264058,82109.12972471197
14.70999999999973,22.335808609846715,51.599881607721045,83080.78348757631
14.71999999999973,22.76875686387557,34.98976919805004,83809.5451316544
14.72999999999973,23.034274646084608,18.11378724375679,84285.71195482925
14.73999999999973,23.13176238590615,1.383760720551233,84531.2052731327
14.74999999999973,23.06422964888993,-14.890308123794712,84392.93643981197
14.75999999999973,22.837123387155195,-30.530944223152996,83653.5549475468
14.76999999999973,22.45699767860391,-45.49419748710457,82402.02022740855
14.77999999999973,21.930352723477768,-59.83479353812384,80600.05255959718
14.78999999999973,21.262983370327376,-73.63907709195392,78287.85144852383
14.799999999999729,20.45999641159931,-86.95831465365859,75471.75748185712
14.809999999999729,19.52641731389003,-99.7575048881978,72171.90210276574
14.819999999999729,18.468148280462717,-111.89630179726561,68237.152096382
14.829999999999728,17.292834089842618,-123.16653632675389,63791.55843205247
14.839999999999728,16.010238101061542,-133.35266142946082,58717.63361797057
14.849999999999728,14.631993217119016,-142.2963153590446,53027.376099290384
14.859999999999728,13.170720585118241,-149.95821104111045,46849.56161676359
14.869999999999727,11.638764116522756,-156.43308267798668,40218.73743587644
14.879999999999727,10.046978809563475,-161.9239787138694,33169.011059046585
14.889999999999727,8.40388506483749,-166.69477023132728,25724.913566581814
14.899999999999727,6.715388707030933,-171.00450132998424,18591.583913900537
14.909999999999727,4.985254525626331,-175.02233495093625,11823.087360004594
14.919999999999726,3.2165683754446586,-178.71489508539824,4756.227451295409
14.929999999999726,1.414188591704509,-181.76106166263165,-3940.2263909419535
14.939999999999726,-0.41290557236357045,-183.65777115098425,-13467.181284364828
14.949999999999726,-2.2506253637604736,-183.88618712839636,-23375.31315234683
14.959999999999726,-4.08010789889578,-182.01031989866496,-33188.30803912507
14.969999999999725,-5.879247483461054,-177.81759701438995,-41600.581119960196
14.979999999999725,-7.625084310892227,-171.34976847184444,-48923.66700566392
14.989999999999725,-9.296055015290568,-162.8443724078233,-54551.08793472628
14.999999999999725,-10.87369010459962,-152.68264545398702,-59303.15640709759
15.009999999999724,-12.343554607886547,-141.29025520339866,-63495.50350224903
15.019999999999724,-13.695323151194208,-129.06345345813324,-67035.43527157452
15.029999999999724,-14.922207326068637,-116.31338151675267,-70073.25506008608
15.039999999999724,-16.019893860372324,-103.22392534398492,-72409.69788821082
15.049999999999724,-16.985253450439238,-89.8479926693983,-74483.33066995548
15.059999999999723,-17.815194422273795,-76.14020169751315,-76152.91628263438
15.069999999999723,-18.50603515330248,-62.02794450822366,-77532.93731660375
15.079999999999723,-19.053606631000214,-47.48635103132254,-78552.71400286056
15.089999999999723,-19.453972364098906,-32.58679558841612,-79284.11318449747
15.099999999999723,-19.704426333776034,-17.503998347008775,-79780.40917648532
15.109999999999722,-19.804394687622082,-2.4896724222010973,-80036.27070804639
15.119999999999722,-19.755958801823486,12.176849581920504,-79957.62946885008
15.129999999999722,-19.563848000262933,26.245310730190013,-79296.18920993923
15.139999999999722,-19.234841444281656,39.55600046606558,-78174.7367183986
15.149999999999721,-18.776663212372757,52.07964591571404,-76578.16778796737
15.159999999999721,-18.19673965511872,63.90506553509363,-74552.61946250364
15.169999999999721,-17.501303332365747,75.18219901550148,-72035.66796889859
15.17999999999972,-16.69515061383634,86.04834469037993,-69001.5007033225
15.18999999999972,-15.782094273451788,96.56292338653066,-65569.33970333627
15.19999999999972,-14.766061398926999,106.64365151842733,-61511.488975310705
15.20999999999972,-13.652547453849738,116.05913749702441,-56917.634589645546
15.21999999999972,-12.449886057722644,124.47314172839424,-51817.5689825442
15.22999999999972,-11.16999560669125,131.50494847788423,-46131.410603178185
15.23999999999972,-9.828366644284948,136.82084400337646,-40006.872302451324
15.24999999999972,-8.443159965002204,140.2204918531724,-33404.54382866551
15.25999999999972,-7.033549515453006,141.70159805666717,-26457.842953702566
15.269999999999719,-5.617585682597456,141.49116851444305,-19942.129744561957
15.279999999999719,-4.210224667054336,139.98103459418078,-13452.968580836017
15.289999999999718,-2.8223022959305437,137.60343963057775,-6830.86626758458
15.299999999999718,-1.4607112354097151,134.71477247358797,648.2351135111458
15.309999999999718,-0.12932612660362283,131.5622492876305,8281.919877290491
15.319999999999718,1.1700017765599677,128.30333134508763,15473.800651678826
15.329999999999718,2.43623066836047,124.94244701501297,22859.89674715618
15.339999999999717,3.6677811949106505,121.36765829502305,29492.01719219564
15.349999999999717,4.861888968714423,117.45389646573152,35540.581971291715
15.359999999999717,6.014579341122549,113.08417801589374,41121.88320362975
15.369999999999717,7.121065913770442,108.21313651368484,45803.64637895585
15.379999999999717,8.176608964410883,102.89547361440343,49790.385291283936
15.389999999999716,9.177291042625184,97.24094202845669,53251.69556759453
15.399999999999716,10.120393374598837,91.37952436627435,56181.27924772844
15.409999999999716,11.004314093203776,85.40461935471347,58851.26216625485
15.419999999999716,11.827901831633472,79.31292833122573,61372.69010102805
15.429999999999715,12.589468645233573,73.00043438879473,63461.12217600967
15.439999999999715,13.285849483799446,66.27573332437953,65412.288265063464
15.449999999999715,13.911733662382838,58.90110239229911,67065.60893597602
15.459999999999715,14.459566639195124,50.66549297015811,68467.6398403728
15.469999999999715,14.920163384133994,41.45385601761573,69538.8893849758
15.479999999999714,15.283911983860929,31.295863927770913,70418.60671307596
15.489999999999714,15.542265810532317,20.374901406506925,71053.36709274037
15.499999999999714,15.689150852135427,9.00210691411519,71448.99474760103
15.509999999999714,15.72191945659114,-2.448386022972547,71594.7654399616
15.519999999999714,15.64158663992351,-13.618177310553179,71330.04479385284
15.529999999999713,15.452293115699106,-24.240527534327573,70640.61817410988
15.539999999999713,15.160090950771796,-34.19990545113457,69554.85342781183
15.549999999999713,14.771356836080615,-43.546917487101275,68095.15426758942
15.559999999999713,14.291301880060804,-52.464073716860966,66282.87323286237
15.569999999999713,13.723026435701088,-61.191015155082056,64028.0618227046
15.579999999999712,13.067352126627577,-69.94384665962025,61335.8320442202
15.589999999999712,12.323387251712159,-78.8491283234635,58292.85370851207
15.599999999999712,11.489710309351866,-87.88626014859538,54649.18772004603
15.609999999999712,10.56584634022781,-96.88653367621555,50552.12109263312
15.619999999999711,9.5535319119905,-105.57635197124621,45882.372808931956
15.629999999999711,8.457510919705157,-113.62784648582249,40592.25208533626
15.639999999999711,7.285645268120333,-120.74528383114243,34836.84004654442
15.64999999999971,6.048290588604896,-126.72565207194495,28304.35024848605
15.65999999999971,4.757229912469396,-131.48648315515516,21499.77850339221
15.66999999999971,3.4244557738280768,-135.06834457310862,14366.605124876973
15.67999999999971,2.061327824606144,-137.5572452712779,6532.098215011003
15.68999999999971,0.6785083166294585,-139.0066563240592,-2160.962916992779
15.69999999999971,-0.7138355064163826,-139.46210828510905,-10664.26006303896
15.70999999999971,-2.105852048897344,-138.94120021108327,-19080.379269375466
15.71999999999971,-3.48755777366339,-137.3999447421259,-26666.867874943546
15.729999999999709,-4.848371629551675,-134.76282643553125,-33866.810217771206
15.739999999999709,-6.1769892077138895,-130.9606891969116,-40338.18372890329
15.749999999999709,-7.4618531522767,-126.0120997156505,-45768.90464780154
15.759999999999708,-8.692160058553904,-120.04928153979007,-50323.89131036583
15.769999999999708,-9.858917900509026,-113.30228685123373,-54141.95946973968
15.779999999999708,-10.955778530813797,-106.06983920972043,-57642.163758718256
15.789999999999708,-11.979460196195124,-98.66649386654505,-60742.15074807806
15.799999999999708,-12.929615130976082,-91.36449308964664,-63445.75140103163
15.809999999999707,-13.80803343861161,-84.31916843745901,-65904.18022776053
15.819999999999707,-14.617285265937406,-77.5311970277005,-67930.18203009042
15.829999999999707,-15.359139068349272,-70.83956345467271,-69651.64117853824
15.839999999999707,-16.033059640844467,-63.94455104436653,-71214.94591671054
15.849999999999707,-16.635204957229476,-56.48451223263465,-72580.07423120958
15.859999999999706,-17.158255519993794,-48.12560032022899,-73758.64577845769
15.869999999999706,-17.592084335158017,-38.64016271261509,-74716.19766445436
15.879999999999706,-17.92505043989448,-27.953058234677872,-75440.64434482774
15.889999999999706,-18.14556070413061,-16.14899461254781,-75954.84961581058
15.899999999999705,-18.24352315441374,-3.4434954440777874,-76225.89912771952
15.909999999999705,-18.211365909160524,9.874944494721282,-76192.70969787374
15.919999999999705,-18.044462210092266,23.50579531893052,-75620.13634369618
15.929999999999705,-17.740947563403388,37.19713401884543,-74584.91702975411
15.939999999999705,-17.30103748710795,50.784881240241646,-73018.30465462616
15.949999999999704,-16.72617374781723,64.18786661790276,-70866.99718780826
15.959999999999704,-16.018337378225382,77.37940730046721,-68196.1737856004
15.969999999999704,-15.179756920307996,90.33668428300997,-65006.03399202831
15.979999999999704,-14.213188955702474,102.97690863809451,-61092.53364070419
15.989999999999704,-13.12264202939253,115.13247662389436,-56554.377536425935
15.999999999999703,-11.91419709036935,126.55651118074123,-51372.48795812002
16.009999999999703,-10.596699781879247,136.94295051727974,-45456.36050588006
16.019999999999705,-9.18210031143859,145.97694357085152,-38866.589900041705
16.029999999999706,-7.685222024083973,153.3987139000721,-31412.787793098145
16.039999999999708,-6.122793067338152,159.08707744909208,-23738.793508039285
16.04999999999971,-4.511913457854301,163.0888444476781,-16007.465425237855
16.05999999999971,-2.868696210041302,165.55460511492163,-7977.722441159645
16.069999999999713,-1.207840136381395,166.61660961705977,1580.8578296942574
16.079999999999714,0.45726058050656204,166.40353376053167,11073.803666085563
16.089999999999716,2.1145280669904056,165.04996353623707,20551.376212425508
16.099999999999717,3.752726775354929,162.58977813666758,29614.224633298938
16.10999999999972,5.3605489309394185,158.9746529802303,37692.5519598434
16.11999999999972,6.9259401990557645,154.10360064303882,44805.42705244616
16.129999999999722,8.435716555818399,147.85167070948813,50469.34467636289
16.139999999999723,9.87556418130633,140.11785438809824,55226.255495043326
16.149999999999725,11.230504691940931,130.87024773882177,59346.46339048388
16.159999999999727,12.485839126995243,120.19663927204093,63056.52884943584
16.169999999999728,13.62844928889628,108.32539310816641,66153.91949615562
16.17999999999973,14.648084411499333,95.60163141244425,68818.10780315091
16.18999999999973,15.538197322174994,82.42095072268826,70817.38701794551
16.199999999999733,16.296053076435612,69.1502001294355,72573.32819066396
16.209999999999734,16.922116074037415,56.06239939092446,73968.68498048981
16.219999999999736,17.418980082112082,43.31040222400924,75061.28233929953
16.229999999999738,17.790161030399766,30.925787433527454,75861.85708508588
16.23999999999974,18.03903825052874,18.849656592267813,76427.75749454294
16.24999999999974,18.16822482107531,6.987657517046089,76752.67962596027
16.259999999999742,18.17948859841514,-4.734902049079737,76849.20881929655
16.269999999999744,18.0741894941666,-16.324918800627845,76497.91952705743
16.279999999999745,17.854028662615324,-27.70724750962746,75750.75717293922
16.289999999999747,17.521733590092758,-38.751766994886395,74595.2970149225
16.29999999999975,17.081400675230796,-49.314815977505816,73026.31187398917
16.30999999999975,16.538393856190524,-59.286547830547875,70981.09796247499
16.31999999999975,15.898774413530766,-68.63734070140376,68560.7760189305
16.329999999999753,15.168404319746411,-77.43667805546735,65796.01314208514
16.339999999999755,14.352101556562465,-85.82387458132187,62519.57943793802
16.349999999999756,13.45312978771119,-93.97047918893333,58846.9510418522
16.359999999999758,12.473174497861912,-102.02057878092252,54668.10472259152
16.36999999999976,11.412945043007076,-110.02531219004483,50053.816551842305
16.37999999999976,10.273280303099558,-117.90763579145856,44953.03080617823
16.389999999999763,9.056552321581563,-125.43796051214028,39248.61241681815
16.399999999999764,7.768032793675132,-132.26594506914603,32758.870196697884
16.409999999999766,6.4166049340568065,-138.01962685451883,26096.91684214727
16.419999999999767,5.014602148384141,-142.38093028001416,19207.535486555687
16.42999999999977,3.5770498524561862,-145.12952890557693,12218.471021662985
16.43999999999977,2.120651139614425,-146.15021366277531,4415.249028851071
16.449999999999772,0.6627601613919791,-145.42798198171383,-4286.6960058367395
16.459999999999773,-0.7799706850876001,-143.11818731420203,-12657.828567359924
16.469999999999775,-2.1930354252563515,-139.49476071954822,-20907.537047177113
16.479999999999777,-3.5647074374937446,-134.8396417279304,-28442.49344487002
16.489999999999778,-4.885941197811488,-129.4071103356183,-35190.95924594135
16.49999999999978,-6.149759511843804,-123.35655247084483,-41349.0326762311
16.50999999999978,-7.350316869398687,-116.75491904013144,-46352.194147340226
16.519999999999783,-8.482117258658766,-109.60515881188441,-50504.55783453305
16.529999999999784,-9.539449098733437,-101.8612092030499,-54075.061180819095
16.539999999999786,-10.516207037173286,-93.49037848491965,-57095.8309431934
16.549999999999788,-11.406236948907333,-84.51560386188989,-59877.08361149166
16.55999999999979,-12.204004774134527,-75.03796118354867,-62162.274558599616
16.56999999999979,-12.905339750671144,-65.22903412377525,-64163.92749209078
16.579999999999792,-13.507904471031846,-55.2839099483652,-65854.24836242775
16.589999999999794,-14.011215202959777,-45.37823643722119,-67221.87875551046
16.599999999999795,-14.416225845428995,-35.623892056622054,-68259.40697092966
16.609999999999797,-14.724559164990108,-26.04277185560014,-69016.9454902934
16.6199999999998,-14.937639608427743,-16.573316831927063,-69561.7354531694
16.6299999999998,-15.056024870909592,-7.10373566444303,-69887.99249163724
16.6399999999998,-15.079178397191512,2.473030408059245,-70001.57469408438
16.649999999999803,-15.00581572356497,12.199504317249552,-69754.69189430983
16.659999999999805,-14.834750980238725,22.0134443479995,-69133.05825116398
16.669999999999806,-14.565959934059748,31.744764887796034,-68135.19524550492
16.679999999999808,-14.201519604268654,41.14330107042285,-66768.83046831674
16.68999999999981,-13.746165508052355,49.92751817283645,-65002.25110812346
16.69999999999981,-13.207280062107095,57.849571016215606,-62790.14545716377
16.709999999999813,-12.59421508813589,64.76342377802536,-60273.901223848115
16.719999999999814,-11.917094821126485,70.66062962385595,-57390.50522977702
16.729999999999816,-11.185443832385042,75.66956812443249,-54170.59876751479
16.739999999999817,-10.406946434854815,80.02991138161272,-50678.03691164185
16.74999999999982,-9.586636718140632,84.03203196122355,-46860.53373236899
16.75999999999982,-8.726757207971996,87.9438700725032,-42770.59829549943
16.769999999999822,-7.827268186534987,91.95393421489882,-38456.16339825263
16.779999999999824,-6.886897026865282,96.12029771904216,-33547.69925210905
16.789999999999825,-5.90442888018352,100.37333161731021,-28333.910923888037
16.799999999999827,-4.879785113138723,104.5554217916493,-22810.667482962963
16.809999999999828,-3.8146975133389853,108.46209816829841,-17018.616252376876
16.81999999999983,-2.7129214142857445,111.89312164234983,-10911.423078558775
16.82999999999983,-1.5801133905851128,114.66848309777652,-4008.7192522641367
16.839999999999833,-0.4234399762928523,116.66619976067558,3342.3814641018453
16.849999999999834,0.7492842312439301,117.87864174668088,10510.792612250567
16.859999999999836,1.9304717697590257,118.35886595633824,17718.878502179814
16.869999999999838,3.1130658022517657,118.15994054220978,24316.7376638805
16.87999999999984,4.29034456078245,117.29581116392708,30833.909859964606
16.88999999999984,5.455373405286781,115.70995773693933,36826.62868613784
16.899999999999842,6.600463176759279,113.30799655756022,42065.08071737102
16.909999999999844,7.716868642221737,109.97309653493146,46639.25226019019
16.919999999999845,8.794671142003944,105.58740342150968,50629.63319334704
16.929999999999847,9.823064357992898,100.09123977628126,53987.09006528948
16.93999999999985,10.791094382468865,93.51476511891207,57112.28917128736
16.94999999999985,11.68858465981349,85.98329035001291,59941.21211519612
16.95999999999985,12.507103192618871,77.72041621106318,62307.68795480029
16.969999999999853,13.240691303520006,68.9972059691636,64434.44956289819
16.979999999999855,13.885999477604603,60.064428847755856,66237.3156096373
16.989999999999856,14.441852425038375,51.10616063899855,67674.18035518871
16.999999999999858,14.90836257185989,42.19586872530458,68803.78552042252
17.00999999999986,15.285751656550815,33.28194821288067,69736.92346504662
17.01999999999986,15.573246788616588,24.217078200273836,70447.28239225353
17.029999999999863,15.76839580048058,14.812724172524645,70949.66329976123
17.039999999999864,15.866970455474954,4.90220682635068,71234.03559219938
17.049999999999866,15.863466533607143,-5.602991199913126,71291.4641711562
17.059999999999867,15.752099963774786,-16.67032276655836,70888.50023924831
17.06999999999987,15.528038983233388,-28.141873341721055,70075.74751894585
17.07999999999987,15.188474241537543,-39.771074997448046,68810.02393511833
17.089999999999872,14.733248964066282,-51.27398049680424,67104.23315641242
17.099999999999874,14.164964750598847,-62.38286219668264,64922.32912963752
17.109999999999875,13.488600948195703,-72.88989828394574,62159.14393219938
17.119999999999877,12.710747897281765,-82.68071189884198,58984.275365942514
17.129999999999878,11.838713749726164,-91.72611761227799,55231.41232960448
17.13999999999988,10.879828015168744,-100.05102929920598,51031.72695782518
17.14999999999988,9.841113980128474,-107.69177770884839,46227.118661809734
17.159999999999883,8.729428284814636,-114.64536135391914,40887.23689848374
17.169999999999884,7.551935073536622,-120.85328090168373,35027.590206437104
17.179999999999886,6.316628113918926,-126.20811102185563,28656.676949393994
17.189999999999888,5.032734647656749,-130.57058223057984,21909.45250417516
17.19999999999989,3.7108205661813867,-133.81223406449263,14954.202431488686
17.20999999999989,2.3625434857653644,-135.8431820187118,7515.885667711988
17.219999999999892,1.000287492120141,-136.60801671033286,-871.0506556616347
17.229999999999894,-0.36352134964935034,-136.15375164356539,-9325.620695199603
17.239999999999895,-1.7176587031436665,-134.67371905529782,-17265.376933881027
17.249999999999897,-3.053070829239143,-132.40870616379746,-24911.331448709912
17.2599999999999,-4.362980461909836,-129.57322037034132,-31980.627499971397
17.2699999999999,-5.642463556252888,-126.32339849826926,-38423.93434245745
17.2799999999999,-6.887686559838884,-122.7212022189299,-43984.9886763393
17.289999999999903,-8.094894653547106,-118.72041652271464,-48635.308708049706
17.299999999999905,-9.25929131905671,-114.15891657920623,-52732.980343337185
17.309999999999906,-10.374171612967643,-108.81714220298078,-56230.97136257176
17.319999999999908,-11.430670428938273,-102.4826209911452,-59558.49771080944
17.32999999999991,-12.418131783585054,-95.00964993821066,-62398.62265496786
17.33999999999991,-13.325030866367321,-86.37016661824262,-64970.21066534005
17.349999999999913,-14.14015921672301,-76.65550345289537,-67188.23030800857
17.359999999999914,-14.853742278578455,-66.06110891819402,-68907.13108102961
17.369999999999916,-15.458212493891029,-54.83293414432111,-70352.81189744397
17.379999999999917,-15.948409513025332,-43.20646968253967,-71517.38556103762
17.38999999999992,-16.321276151441978,-31.366858000789207,-72413.75131708694
17.39999999999992,-16.57523763330339,-19.425438371493527,-73043.78633640317
17.409999999999922,-16.709466544650137,-7.42034389785569,-73412.74981672736
17.419999999999924,-16.723277190614482,4.658214704987086,-73521.65774066247
17.429999999999925,-16.61588990490118,16.819242437672628,-73144.69251691425
17.439999999999927,-16.386654557256723,29.027827091219557,-72312.33338368303
17.44999999999993,-16.03558130287781,41.1868237845638,-71005.6459121574
17.45999999999993,-15.56397375107258,53.13468657648157,-69237.9821415652
17.46999999999993,-14.974975091980538,64.66504524192693,-67018.22954913892
17.479999999999933,-14.273856858529506,75.55860144827953,-64285.66206285884
17.489999999999934,-13.467931598952763,85.62645046706898,-60988.05610046318
17.499999999999936,-12.56603075457972,94.7537184075401,-57235.315958676765
17.509999999999938,-11.57770262030249,102.91190844790563,-52962.657703026394
17.51999999999994,-10.512420371746174,110.14454126335735,-48175.49630016962
17.52999999999994,-9.379021982191986,116.53513664748046,-42879.830514618
17.539999999999942,-8.185578750204742,122.15350974996846,-37033.740520833795
17.549999999999944,-6.939673305293507,127.02757923227868,-30829.189146966502
17.559999999999945,-5.6489736962114065,131.11234258414137,-24118.885455187046
17.569999999999947,-4.321985639540588,134.28526875002242,-17427.579884001632
17.57999999999995,-2.968734527275713,136.36495370295253,-10441.533673145885
17.58999999999995,-1.601463666903713,137.0892183714475,-2353.3225374486574
17.59999999999995,-0.2349227565406361,136.2189637011679,5929.546436330318
17.609999999999953,1.1145707964346547,133.67974689389027,13745.053747479107
17.619999999999955,2.4305870403041867,129.52350188001614,21677.317545864185
17.629999999999956,3.6978651863349716,123.93212732614087,28539.312890493093
17.639999999999958,4.903623369143899,117.21950923564458,34862.121124400284
17.64999999999996,6.038383889489058,109.73259483338725,40464.34435918177
17.65999999999996,7.096124608838595,101.81554903652024,45043.183841145335
17.669999999999963,8.0739929019567,93.75810958710063,48800.108730446365
17.679999999999964,8.971419108542923,85.72713173014401,52053.739207350496
17.689999999999966,9.78895408785363,77.77986413199753,54693.82717825853
17.699999999999967,10.527328551415224,69.89502858032075,57031.44928378545
17.70999999999997,11.186789659070085,61.9971929506515,59168.555817903034
17.71999999999997,11.766875547146418,54.01998466461504,60902.83197122452
17.729999999999972,12.26669230262856,45.943366431813125,62365.17992577487
17.739999999999974,12.685385058714532,37.79518478538147,63590.4773807764
17.749999999999975,13.022578990573265,29.64360158636529,64577.017431697896
17.759999999999977,13.27865324643236,21.571249585453725,65334.74721315088
17.76999999999998,13.454705197537166,13.639140635507461,65860.63150031405
17.77999999999998,13.552179711675302,5.855762192119903,66166.11860735278
17.78999999999998,13.572269994077812,-1.8377057116178157,66267.53788120391
17.799999999999983,13.515311519927005,-9.5539891185439,66074.10375555538
17.809999999999985,13.380414269093468,-17.42546104816347,65564.81942327064
17.819999999999986,13.16547931722692,-25.561529325146278,64697.00873796467
17.829999999999988,12.86763484148666,-34.00736582290528,63483.65712861762
17.83999999999999,12.484022678756915,-42.71506672304365,61912.13709373478
17.84999999999999,12.012768663572116,-51.535736313916104,59974.90454067086
17.859999999999992,11.453906351079526,-60.23672618460198,57609.29661528076
17.869999999999994,10.810011951559654,-68.54215371937262,54777.62489276726
17.879999999999995,10.086328995249707,-76.19443754261668,51583.055521009475
17.889999999999997,9.290359674338903,-82.99942663954388,47862.527011063816
17.9,8.43104379850688,-88.86374852686112,43876.00898084181
17.91,7.517745730668013,-93.79586504091209,39324.81266641224
17.92,6.559370030513957,-97.87927498989905,34293.84945426509
17.930000000000003,5.5637220805709395,-101.25031499870435,28836.707453399544
17.940000000000005,4.537266300065881,-104.04084110230728,23002.589516119315
17.950000000000006,3.485382125633497,-106.3359937841696,16946.604244425704
17.960000000000008,2.412956108385159,-108.149209665498,10669.394017273291
17.97000000000001,1.3252478256072902,-109.39244689007577,3857.605464523302
17.98000000000001,0.22879017888538875,-109.89908245430452,-3518.8832511374885
17.990000000000013,-0.8683449053163692,-109.52793438604708,-10472.23265073554
18.000000000000014,-1.9570180251127103,-108.2066895732211,-17141.672797161194
18.010000000000016,-3.0276757902187645,-105.92486344798984,-23186.239252898355
18.020000000000017,-4.070974309794045,-102.73484046706608,-29099.47198429541
18.03000000000002,-5.078400866000682,-98.75047077426119,-34389.5972410643
18.04000000000002,-6.042822241035687,-94.1338042327397,-39137.79892018574
18.050000000000022,-6.958730322576586,-89.04781207544005,-43261.130409333266
18.060000000000024,-7.822080931278453,-83.6223096649333,-46661.70095311943
18.070000000000025,-8.629754259056073,-77.91235589059063,-49731.76166393692
18.080000000000027,-9.37883103959439,-71.90300021707239,-52280.72380288513
18.09000000000003,-10.06607329370814,-65.54545060567773,-54559.21979783604
18.10000000000003,-10.687708646324364,-58.781619917567106,-56570.6559045013
18.11000000000003,-11.239539675570004,-51.584585931561016,-58422.04124885591
18.120000000000033,-11.717475526001762,-44.00258415479022,-59864.696846599
18.130000000000035,-12.11830363965151,-36.16303857515929,-61089.873785079006
18.140000000000036,-12.440343269321298,-28.24488735879831,-62066.009217801686
18.150000000000038,-12.683802546385213,-20.44696805398465,-62815.111884752274
18.16000000000004,-12.850743768837328,-12.941276436438256,-63338.960132595705
18.17000000000004,-12.944589850648809,-5.827939925857846,-63652.098353050336
18.180000000000042,-12.969264371201794,0.8930358152611497,-63765.6367711586
18.190000000000044,-12.928186813446315,7.322475735834929,-63623.62092433803
18.200000000000045,-12.823390804254018,13.63672610262458,-63209.52173873949
18.210000000000047,-12.654975118154779,20.04641111722364,-62530.68997846406
18.22000000000005,-12.421015436081387,26.745525297454762,-61577.21921584
18.23000000000005,-12.117969950069684,33.86357190488575,-60336.282001076754
18.24000000000005,-11.741475057257354,41.43540665758029,-58789.64230919754
18.250000000000053,-11.287347573008946,49.390090192101546,-56797.71182575341
18.260000000000055,-10.752523090804411,57.5748062488052,-54451.16087664573
18.270000000000056,-10.135655606163311,65.7986906794147,-51725.22172726207
18.280000000000058,-9.437344380087461,73.86355453575531,-48462.52056393903
18.29000000000006,-8.659971908498054,81.61093978212635,-44930.17854195054
18.30000000000006,-7.807282750955151,88.9268917264542,-40688.177959983506
18.310000000000063,-6.883968365108026,95.73598544297093,-35926.3583863584
18.320000000000064,-5.895260238791149,102.00563982040427,-30645.906062104626
18.330000000000066,-4.846772008760662,107.69200618569327,-24619.488727603275
18.340000000000067,-3.7446730902117022,112.72777752409878,-18361.15981114962
18.35000000000007,-2.5959648777070936,117.01386497682292,-11691.039860084786
18.36000000000007,-1.4090002445641563,120.37906165176453,-4344.37335105871
18.370000000000072,-0.19411099029055096,122.59878920295654,3815.256366874121
18.380000000000074,1.036435424665838,123.51049378832121,11518.09515718534
18.390000000000075,2.269254321572531,123.05328559301736,18989.338280453732
18.400000000000077,3.490732386821458,121.24232745676805,25867.328164551916
18.41000000000008,4.687841958245204,118.17958682798114,32435.96084232561
18.42000000000008,5.848937888949729,114.03959931292395,38383.738133267354
18.43000000000008,6.9644354587493025,109.0599146469908,43413.09518157122
18.440000000000083,8.02715752253674,103.48449811049703,47605.12838924449
18.450000000000085,9.031977040871483,97.47940555645171,51321.53807329218
18.460000000000086,9.974968330591373,91.11885238752633,54401.56498278983
18.470000000000088,10.852479185526827,84.3833185995643,57306.63495038666
18.48000000000009,11.660254516449681,77.17174758500677,59859.40195034209
18.49000000000009,12.3929261101797,69.36257116099662,62020.45936366745
18.500000000000092,13.044000453646207,60.85229753230482,63939.67706501311
18.510000000000094,13.60622749427531,51.5931105935153,65570.57629339876
18.520000000000095,14.072336197731191,41.628630097661244,66881.93411323384
18.530000000000097,14.435959051172098,31.095940590520158,67816.2241853627
18.5400000000001,14.692428315132519,20.197912201564,68497.3864881342
18.5500000000001,14.83923623632769,9.163672037470159,68911.75092117654
18.5600000000001,14.876094781572268,-1.7919629885543793,69067.78235460713
18.570000000000103,14.804636585128303,-12.499676300238374,68837.03072557082
18.580000000000105,14.627873580369316,-22.852924651558954,68193.67266581516
18.590000000000106,14.349546827535178,-32.81242591526858,67161.24251108916
18.600000000000108,13.973540913551261,-42.38875688151466,65748.1826829556
18.61000000000011,13.503571952228599,-51.60503538301785,63846.6480843742
18.62000000000011,12.943205561383426,-60.46824278601686,61555.852628735214
18.630000000000113,12.29610448696749,-68.95197209717023,58890.77103017763
18.640000000000114,11.566450635597546,-76.9787981768182,55705.46671255954
18.650000000000116,10.75935995067017,-84.4393388086569,52170.314442844334
18.660000000000117,9.881065289843484,-91.21959335667984,48102.08649722107
18.67000000000012,8.938816814894016,-97.23010163321393,43671.520511945775
18.68000000000012,7.9404944209357415,-102.43437715844108,38831.198589486
18.690000000000122,6.894068109664205,-106.85088509586636,33401.63211344241
18.700000000000124,5.807042655882198,-110.55420566053478,27593.578859827
18.710000000000125,4.686011287146641,-113.65206808657643,21511.426718807554
18.720000000000127,3.5365260803390846,-116.24497327493489,15273.640683313586
18.73000000000013,2.363450724318641,-118.37009792915383,8593.339206218227
18.74000000000013,1.1718630432673838,-119.94743828109759,1137.6188681687495
18.75000000000013,-0.03195279331182055,-120.8157290347433,-6585.994520544538
18.760000000000133,-1.2400948912210836,-120.81269054710934,-13828.565938432987
18.770000000000135,-2.442999004460878,-119.76813210084943,-21002.744760103233
18.780000000000136,-3.6294821883374313,-117.5285046744613,-27568.79670296367
18.790000000000138,-4.787232268085232,-114.02151127509867,-33688.254129520064
18.80000000000014,-5.903644668879498,-109.26096888375461,-39311.55879466043
18.81000000000014,-6.9667982401269715,-103.36974536574007,-44011.95450749774
18.820000000000142,-7.966456835629116,-96.56197373468895,-47906.56380953193
18.830000000000144,-8.894585512213816,-89.0637615822511,-51341.453569490935
18.840000000000146,-9.745338089293945,-81.08675383377457,-54105.41413078246
18.850000000000147,-10.514772083228705,-72.80004495317743,-56592.178212203034
18.86000000000015,-11.200225736293985,-64.29068565987819,-58835.368720244216
18.87000000000015,-11.799620166512257,-55.58820038377623,-60621.40947668807
18.88000000000015,-12.310983611037202,-46.684488521212664,-62143.03918905301
18.890000000000153,-12.732163773786318,-37.55154402861063,-63392.06483242502
18.900000000000155,-13.06082494217322,-28.180689648769537,-64372.766463353575
18.910000000000156,-13.294767654659738,-18.60785284853422,-65085.60352647815
18.920000000000158,-13.432405948722268,-8.9198059639719,-65529.64738968415
18.93000000000016,-13.473219808612933,0.7570339858386085,-65705.72088381204
18.94000000000016,-13.418039979953479,10.278931746052578,-65521.56737238694
18.950000000000163,-13.26907957102368,19.51315003990744,-64933.09385137687
18.960000000000164,-13.029668051771335,28.36915381056186,-63968.17618953512
18.970000000000166,-12.70374256522606,36.81594349849314,-62636.83080958439
18.980000000000167,-12.295278285051431,44.87691253643277,-60959.1712365478
18.99000000000017,-11.807859295283306,52.60688541719226,-58949.969524329186
19.00000000000017,-11.244567942754566,60.05138508855577,-56481.21129561058
19.010000000000172,-10.608225036884747,67.21719608540796,-53683.35627010894
19.020000000000174,-9.90187480033148,74.05285122524538,-50481.624531516354
19.030000000000175,-9.129416772582688,80.43875432451287,-46920.295636957286
19.040000000000177,-8.296205559400638,86.20348831189715,-42975.16692527562
19.05000000000018,-7.409433558164254,91.15091193537957,-38555.22719213363
19.06000000000018,-6.478168911872702,95.10201732293085,-33614.03702403953
19.07000000000018,-5.512916673982708,97.94843025506803,-28318.46301061826
19.080000000000183,-4.52479680090645,99.67554436018344,-22695.78336391552
19.090000000000185,-3.5245865719447838,100.36650143214987,-16976.796942911667
19.100000000000186,-2.5218296460131495,100.18488375417692,-11158.802349595477
19.110000000000188,-1.5243450061449548,99.312044219462,-4990.440519635155
19.12000000000019,-0.5382841777624671,97.90012145703557,1586.8473464606475
19.13000000000019,0.431653630332687,96.08744016199525,7787.231473673846
19.140000000000192,1.38197980024354,93.97779382017532,13783.193759442069
19.150000000000194,2.3098890928429943,91.60406469971561,19263.70774359869
19.160000000000196,3.212633977729572,88.94491227759981,24404.251800795686
19.170000000000197,4.087056542714563,85.9396007193984,29351.654445327316
19.1800000000002,4.929433115766673,82.53571389102339,33792.47243901234
19.1900000000002,5.735692093711207,78.71608169788347,37954.028303526604
19.200000000000202,6.501847285794403,74.51495671875561,41424.83265473994
19.210000000000203,7.224440153894336,70.00361690123087,44601.43580835694
19.220000000000205,7.9007690325183715,65.2621588235762,47214.73825823514
19.230000000000206,8.528849379877938,60.35391064833697,49593.23617749959
19.240000000000208,9.10708397066463,55.29300750900159,51665.220827763216
19.25000000000021,9.633810759127869,50.05235018364606,53412.916618996875
19.26000000000021,10.106866992937745,44.558896578329154,54969.540556797954
19.270000000000213,10.523212141049816,38.71013304408506,56330.942479815974
19.280000000000214,10.878814074201353,32.410253586222524,57583.428353976284
19.290000000000216,11.168911953294002,25.60932223230743,58545.01755937601
19.300000000000217,11.388617479843527,18.33178307759759,59245.33790731188
19.31000000000022,11.53364402340324,10.673525634344921,59718.73392522033
19.32000000000022,11.600942117337782,2.7860931525636063,59967.02928347578
19.330000000000222,11.589126146060899,-5.149287407940002,59968.28450704197
19.340000000000224,11.498601228319014,-12.955696140436942,59613.71311303854
19.350000000000225,11.331332400573432,-20.49806940867971,58947.759008730776
19.360000000000227,11.090290252423282,-27.71036022135023,57918.18430717447
19.37000000000023,10.778732814959163,-34.60112727147339,56557.089758587535
19.38000000000023,10.39952132265201,-41.24117118995745,54892.81152397357
19.39000000000023,9.954661668006539,-47.73075973913652,52916.586530837456
19.400000000000233,9.445218870319223,-54.157799798326266,50620.187289566406
19.410000000000235,8.871620976135707,-60.56177903837694,47943.795853225325
19.420000000000236,8.234221716405605,-66.9180729076436,44986.14699047828
19.430000000000238,7.534019086539613,-73.12245306555495,41486.31311278558
19.44000000000024,6.7733281159245315,-79.01574105746136,37589.67194872295
19.45000000000024,5.956172642751864,-84.41535357707201,33018.86595273453
19.460000000000242,5.088342142641085,-89.15074644508375,28075.745347825763
19.470000000000244,4.177078629263593,-93.1019562304146,22634.75935434897
19.480000000000246,3.2305070603666795,-96.21235754896813,17004.267867618924
19.490000000000247,2.257034053149974,-98.48224389437283,10983.136791004823
19.50000000000025,1.2649400483902051,-99.93655705758103,4706.558575916262
19.51000000000025,0.2622943468979294,-100.5925832408741,-2209.2639992728664
19.520000000000252,-0.74302152152096,-100.47059044290378,-8913.02282081262
19.530000000000253,-1.743411157075528,-99.60733666800985,-15171.044835997594
19.540000000000255,-2.731546157306432,-98.01966337817097,-20869.245266436334
19.550000000000257,-3.700063932590244,-95.68389167859132,-26491.4857288284
19.560000000000258,-4.641339004725613,-92.57112274848242,-31639.638492763137
19.57000000000026,-5.547658263076798,-88.69272892175442,-36426.73359059408
19.58000000000026,-6.411743284406338,-84.12427534415366,-40466.5451971419
19.590000000000263,-7.227364430268326,-78.99995382824417,-44060.45998197269
19.600000000000264,-7.989809888750024,-73.48913786809545,-47086.90715673044
19.610000000000266,-8.696089517127701,-67.76678780743966,-49746.34543610033
19.620000000000267,-9.344815880041645,-61.9784847753495,-52026.75304047513
19.63000000000027,-9.9357994194516,-56.218223106641275,-54014.68415889428
19.64000000000027,-10.469385218347835,-50.49893667260587,-55774.68124877735
19.650000000000272,-10.94561983268569,-44.74798619496547,-57408.48076351951
19.660000000000274,-11.363541127067096,-38.83627268131569,-58742.312150715945
19.670000000000275,-11.720793534546102,-32.61420881448569,-59856.831070800894
19.680000000000277,-12.01357440716834,-25.941965709961863,-60759.0814710516
19.69000000000028,-12.236910772473431,-18.72530735105638,-61461.98867412032
19.70000000000028,-12.385247919300657,-10.942122014388321,-61942.96741476339
19.71000000000028,-12.45319288357391,-2.6468708402624643,-62193.11260781806
19.720000000000283,-12.436211465396202,6.043154475804402,-62176.3492127908
19.730000000000285,-12.331140566773131,14.971025248809235,-61764.95582957379
19.740000000000286,-12.136415902032986,23.9739076992197,-60989.91820806677
19.750000000000288,-11.85196246529051,32.91677964927549,-59833.019572354846
19.76000000000029,-11.478843449345984,41.7070235396299,-58275.78408368071
19.77000000000029,-11.0188574313346,50.290180062646726,-56256.82054432092
19.780000000000292,-10.474209392852943,58.63942763368465,-53865.89588494645
19.790000000000294,-9.84735034728561,66.73238147978182,-51046.549322135
19.800000000000296,-9.141078635128059,74.52196095172825,-47804.59015127115
19.810000000000297,-8.358855625840318,81.92264090581995,-44112.40371527944
19.8200000000003,-7.505243757647253,88.79973273279323,-39871.75527811581
19.8300000000003,-6.5863162071700545,94.98577736264636,-35035.153953799134
19.840000000000302,-5.609790737303601,100.31931661064455,-29652.263723791853
19.850000000000303,-4.58486083995072,104.66666285993186,-23749.96248448323
19.860000000000305,-3.5217633557163284,107.9528339869463,-17550.13941826406
19.870000000000307,-2.431124812935756,110.1748745691681,-11096.182550196188
19.880000000000308,-1.323409435146698,111.36820098864348,-4176.917707797309
19.89000000000031,-0.2086932842382262,111.57502919305088,3402.4139503728766
19.90000000000031,0.9035776640647861,110.8791604675516,10500.894384854022
19.910000000000313,2.0048942879320593,109.3841643059031,17290.822522370177
19.920000000000314,3.087544168529652,107.14581181361548,23431.641538862423
19.930000000000316,4.14403791096173,104.15293667280024,29456.861283716324
19.940000000000317,5.166548657487097,100.34921263227334,34872.3402051301
19.95000000000032,6.146698060121252,95.68066789455739,39672.25376343427
19.96000000000032,7.075681612110909,90.11604250337409,43877.13014061034
19.970000000000322,7.94465753391941,83.67914185832608,47278.875088761124
19.980000000000324,8.745285229845305,76.44639732685285,50334.54570433052
19.990000000000325,9.470267110049065,68.54997871389929,52805.42463024428
20.0,10.118242958849798,61.045191050484306,54968.88561235986
